flight_id,fuel_uplift_kg,fuel_burn_kg,fuel_price_usd_per_kg
MR1001,7182.2,5899.2,0.8786
MR1002,5763.0,5189.9,0.9499
MR1003,6546.2,5278.7,0.9254
MR1004,5608.9,5041.7,0.8233
MR1005,8543.4,7310.6,0.8696
MR1006,10854.5,8830.7,0.8565
MR1007,11922.2,9584.4,0.8838
MR1008,5895.8,5242.3,0.907
MR1009,4434.6,3862.1,0.8008
MR1010,6611.1,5425.6,0.8758
MR1011,2227.6,1995.0,0.8605
MR1012,3654.8,3097.0,0.9085
MR1013,3906.1,3679.6,0.8586
MR1014,11128.8,9397.2,0.9136
MR1015,5642.0,4791.3,0.9388
MR1016,6471.9,5768.3,0.8259
MR1017,5071.2,4250.6,0.9141
MR1018,5504.6,4487.6,0.8564
MR1019,7709.2,6614.6,0.8257
MR1020,7551.8,6572.6,0.7992
MR1021,8686.5,6993.6,0.786
MR1022,10750.5,9910.4,0.9419
MR1023,5263.9,4342.9,0.945
MR1024,6103.4,5516.9,0.8204
MR1025,7440.5,6889.8,0.8763
MR1026,7640.8,6794.9,0.881
MR1027,3437.4,2847.9,0.9341
MR1028,3578.6,3339.4,0.9221
MR1029,3722.2,3271.9,0.8839
MR1030,9041.2,8011.1,0.8577
MR1031,2890.8,2325.9,0.83
MR1032,3971.2,3451.5,0.8293
MR1033,3629.4,3150.3,0.8475
MR1034,3924.5,3620.0,0.9212
MR1035,4046.9,3702.9,0.8481
MR1036,3396.2,2935.0,0.8991
MR1037,5890.2,5029.6,0.8781
MR1038,7133.2,6055.6,0.8707
MR1039,5695.2,5268.5,0.911
MR1040,2218.7,1975.2,0.883
MR1041,5070.8,4794.9,0.8405
MR1042,5941.0,5282.0,0.9088
MR1043,4153.8,3371.7,0.836
MR1044,2912.4,2628.0,0.8477
MR1045,7773.9,7252.7,0.9041
MR1046,1730.1,1586.6,0.7957
MR1047,1655.4,1498.7,0.8068
MR1048,995.7,931.0,0.8328
MR1049,893.6,761.7,0.856
MR1050,8773.0,7263.7,0.8828
MR1051,8103.3,7009.2,0.8539
MR1052,9811.7,8564.5,0.8487
MR1053,3310.4,2970.8,0.944
MR1054,4550.0,4223.6,0.9024
MR1055,9837.3,9174.9,0.8422
MR1056,5772.2,5312.9,0.8098
MR1057,6515.3,5449.5,0.8555
MR1058,10424.5,8356.2,0.8689
MR1059,9545.4,7815.4,0.9321
MR1060,7392.7,6216.6,0.88
MR1061,1251.9,1091.3,0.7834
MR1062,2847.0,2654.3,0.8728
MR1063,4241.4,3937.4,0.8481
MR1064,1482.4,1356.1,0.9201
MR1065,12628.8,10223.7,0.8281
MR1066,8982.4,7448.7,0.8284
MR1067,4165.5,3634.1,0.8047
MR1068,6246.7,5667.7,0.8951
MR1070,7854.2,6579.3,0.9296
MR1071,7967.6,6547.5,0.9217
MR1072,7491.2,6454.5,0.7911
MR1074,8094.0,7216.5,0.8101
MR1075,1330.0,1131.9,0.7847
MR1076,5081.4,4421.7,0.9364
MR1077,2942.5,2508.6,0.8085
MR1078,5219.2,4438.2,0.8825
MR1079,8091.5,7594.0,0.9098
MR1080,4368.7,3655.6,0.9481
MR1081,2625.4,2131.0,0.9289
MR1082,1894.2,1777.0,0.7946
MR1083,3075.2,2479.6,0.9077
MR1084,2133.8,1726.7,0.9335
MR1085,4411.6,3817.7,0.8281
MR1087,4016.2,3539.7,0.9407
MR1088,4219.4,3749.1,0.9447
MR1089,4193.5,3401.6,0.8225
MR1090,6230.4,5327.8,0.7814
MR1091,10557.9,8659.6,0.8753
MR1092,5576.5,5137.0,0.847
MR1093,9395.1,7522.4,0.8109
MR1094,10272.5,8967.8,0.891
MR1095,10069.6,8244.3,0.9359
MR1096,6153.9,5527.7,0.9146
MR1097,8919.5,7588.1,0.8242
MR1098,8828.2,7763.0,0.9409
MR1099,7847.1,6877.9,0.9243
MR1100,4323.0,4038.6,0.8584
MR1101,1972.0,1657.3,0.8488
MR1102,2881.1,2668.7,0.8498
MR1103,7518.1,7088.3,0.832
MR1104,8900.0,8130.0,0.8949
MR1105,7237.7,6492.8,0.8194
MR1106,8075.5,7541.5,0.8644
MR1107,8671.5,7513.0,0.8318
MR1108,4937.7,4016.3,0.8737
MR1109,9100.1,8122.2,0.866
MR1110,11966.4,9590.3,0.9081
MR1111,3759.5,3394.7,0.9448
MR1112,4065.2,3762.8,0.9051
MR1113,2821.0,2460.3,0.8743
MR1114,6842.8,6301.8,0.86
MR1115,12539.3,10790.2,0.8633
MR1116,9321.5,8553.9,0.8659
MR1117,9502.8,8738.8,0.8409
MR1118,3257.5,2972.1,0.865
MR1119,6391.9,5454.4,0.903
MR1120,6925.4,6248.3,0.8336
MR1121,6386.6,5623.4,0.8011
MR1122,10229.3,9423.7,0.9465
MR1123,7667.6,6876.2,0.8615
MR1124,10405.3,9874.3,0.8183
MR1125,9118.2,8607.8,0.8441
MR1126,8128.1,7580.6,0.8736
MR1127,6462.4,5652.4,0.8794
MR1128,10419.2,9324.5,0.8544
MR1129,8641.3,8129.7,0.9493
MR1130,4953.0,4053.6,0.9425
MR1131,4807.5,4040.5,0.9348
MR1132,2514.6,2201.1,0.9333
MR1133,5404.0,4533.0,0.8721
MR1134,6475.7,5751.7,0.809
MR1135,5822.1,4949.9,0.8363
MR1136,3837.9,3191.1,0.8333
MR1137,9643.2,9019.8,0.9075
MR1138,8455.0,7958.2,0.8508
MR1139,5390.9,4751.2,0.929
MR1140,12090.6,10046.5,0.8051
MR1141,10377.8,8463.9,0.9414
MR1142,6618.5,6131.2,0.8026
MR1143,8328.4,6917.4,0.8302
MR1144,8452.9,7695.6,0.8836
MR1145,10620.5,9181.0,0.9124
MR1146,1987.3,1723.0,0.801
MR1147,3546.2,2864.5,0.8311
MR1148,2160.4,2019.1,0.9494
MR1149,1478.9,1398.7,0.79
MR1150,9312.1,7463.6,0.8052
MR1151,12318.1,9939.4,0.7835
MR1152,7753.1,6965.7,0.8588
MR1153,8789.2,8203.6,0.807
MR1154,6141.5,5190.7,0.941
MR1155,3566.0,3138.6,0.8756
MR1156,4561.9,4052.8,0.8091
MR1157,10139.5,8611.7,0.7938
MR1158,7964.3,7493.5,0.8255
MR1159,7344.9,6717.8,0.8488
MR1160,3008.4,2494.4,0.7831
MR1161,3386.3,2715.5,0.9126
MR1162,1544.2,1342.7,0.8326
MR1163,2735.7,2266.9,0.8491
MR1164,3536.1,3317.1,0.8871
MR1165,9815.9,9008.0,0.8572
MR1166,5065.8,4390.2,0.9455
MR1167,6018.9,5714.7,0.8069
MR1168,7120.3,5869.8,0.83
MR1169,3477.1,2963.9,0.9412
MR1170,10306.8,9687.6,0.8171
MR1171,6263.2,5316.5,0.8202
MR1172,6764.2,6248.1,0.8157
MR1173,4413.3,4132.2,0.7839
MR1174,5542.6,4836.8,0.7981
MR1175,9628.0,8775.1,0.9106
MR1176,9108.7,8624.8,0.9195
MR1177,3998.6,3208.5,0.8404
MR1178,13519.6,10957.5,0.8865
MR1179,7808.9,7126.3,0.7891
MR1180,4235.7,3855.6,0.8299
MR1181,5237.0,4613.6,0.8797
MR1182,7105.6,5882.0,0.7859
MR1183,4791.6,4446.6,0.8305
MR1184,4160.2,3832.2,0.8588
MR1185,8978.0,8464.9,0.9188
MR1186,11713.5,9634.0,0.7882
MR1187,11189.6,9712.5,0.8213
MR1188,4331.8,3755.8,0.9005
MR1189,3560.2,2902.3,0.8966
MR1190,3134.9,2822.6,0.8288
MR1191,3711.4,3382.7,0.8217
MR1192,1686.6,1385.0,0.8851
MR1193,2611.6,2415.3,0.8417
MR1194,6443.1,5421.4,0.801
MR1195,7612.3,7073.3,0.8157
MR1196,6817.5,6329.0,0.8925
MR1197,3404.5,3194.3,0.9301
MR1198,7819.1,6383.3,0.7981
MR1199,5801.5,4738.1,0.9368
MR1200,5342.2,4852.4,0.8662
MR1201,7960.9,7108.8,0.8841
MR1202,4245.8,3851.3,0.8713
MR1203,6841.6,6302.9,0.8745
MR1204,3659.1,3247.1,0.809
MR1205,4775.1,4535.1,0.9373
MR1206,3598.6,2959.9,0.9329
MR1207,8256.4,7579.8,0.8285
MR1208,7620.6,6188.3,0.8568
MR1209,9135.0,7565.8,0.8644
MR1210,6873.7,6237.3,0.9085
MR1211,3484.8,3152.5,0.9419
MR1212,2842.3,2431.6,0.9125
MR1213,1667.9,1370.7,0.8573
MR1214,6080.7,5023.4,0.9304
MR1215,4588.0,3935.1,0.9255
MR1216,5305.9,4794.4,0.9314
MR1217,5185.7,4343.7,0.9158
MR1218,3412.7,2862.9,0.8638
MR1219,3904.7,3716.3,0.8034
MR1220,6432.5,6106.3,0.8001
MR1221,4587.3,3926.6,0.8197
MR1222,3655.6,3083.0,0.8257
MR1223,2509.6,2380.3,0.7876
MR1224,2852.4,2625.4,0.9117
MR1225,8968.1,7430.8,0.905
MR1226,6366.2,5234.5,0.7893
MR1227,3576.6,3346.5,0.8178
MR1228,7082.7,5972.2,0.8088
MR1229,7605.2,6522.6,0.9085
MR1230,11528.2,9286.7,0.8579
MR1231,9597.3,8535.2,0.9128
MR1232,2696.2,2508.0,0.9394
MR1233,8359.0,7225.3,0.9272
MR1234,5134.4,4174.3,0.9096
MR1235,6126.1,5285.7,0.8005
MR1236,8935.6,7955.5,0.8421
MR1237,2956.3,2573.1,0.792
MR1238,4461.2,4099.7,0.8664
MR1239,4004.9,3251.3,0.8019
MR1240,4581.0,4030.3,0.7913
MR1241,3646.0,3470.7,0.8485
MR1242,5804.4,4914.3,0.9096
MR1243,4695.9,4102.6,0.9177
MR1244,5560.1,5137.2,0.8081
MR1245,6608.6,6119.4,0.8318
MR1246,10032.6,9401.3,0.815
MR1247,6498.4,6145.2,0.9485
MR1248,7108.1,6518.1,0.9348
MR1249,2797.9,2533.4,0.8795
MR1250,3716.0,3345.7,0.8589
MR1251,6641.6,6168.7,0.8911
MR1252,3373.4,2878.2,0.7838
MR1253,3674.2,3217.5,0.8197
MR1255,7464.0,6336.1,0.9367
MR1256,2756.6,2280.5,0.8385
MR1257,8381.1,7949.3,0.7849
MR1258,10248.2,8675.0,0.9332
MR1259,9684.3,8798.8,0.936
MR1260,4346.5,3754.0,0.88
MR1261,7838.0,6977.5,0.8075
MR1262,8294.4,7009.5,0.8441
MR1263,10236.2,9370.2,0.9126
MR1264,7315.4,6961.3,0.8826
MR1265,4199.0,3646.3,0.8835
MR1266,7143.8,6157.0,0.9229
MR1267,4792.9,3928.5,0.7954
MR1268,5346.1,4539.9,0.9297
MR1269,5065.9,4383.0,0.7938
MR1271,4951.3,3989.8,0.9479
MR1272,4348.4,3761.3,0.9411
MR1273,5215.5,4917.8,0.8212
MR1274,3577.0,3208.2,0.7959
MR1275,2937.4,2653.8,0.9037
MR1276,10879.5,9871.1,0.9308
MR1277,9688.2,9137.0,0.813
MR1278,10587.0,8961.1,0.8421
MR1279,6531.0,5823.6,0.794
MR1280,5787.0,5455.3,0.7907
MR1281,2515.7,2137.7,0.9368
MR1282,1401.8,1326.1,0.9331
MR1283,4721.6,4305.4,0.8549
MR1284,2259.6,2144.5,0.9413
MR1285,3376.2,2781.9,0.7904
MR1286,5720.9,5111.7,0.8244
MR1287,10244.6,9552.0,0.8158
MR1288,7110.1,6151.7,0.8333
MR1289,8677.3,7255.9,0.9177
MR1290,8810.0,7803.5,0.8295
MR1291,10430.2,8790.8,0.8857
MR1292,7375.1,6540.8,0.8182
MR1293,6434.7,5230.6,0.9358
MR1294,8654.3,7155.2,0.793
MR1295,5847.1,5173.2,0.7928
MR1296,6778.5,5825.8,0.7816
MR1297,6169.2,4998.5,0.8099
MR1298,12714.5,10632.2,0.8327
MR1299,8578.2,8116.7,0.8615
MR1300,4469.0,3888.8,0.8873
MR1301,4705.4,4323.7,0.792
MR1302,3554.6,3280.5,0.909
MR1303,12112.2,11415.0,0.8849
MR1304,12378.9,10320.3,0.944
MR1305,3978.3,3413.4,0.7915
MR1306,5446.0,4772.7,0.9359
MR1307,12225.6,9963.8,0.7855
MR1308,7900.7,6618.3,0.8132
MR1309,9111.0,7892.8,0.9121
MR1310,8827.9,7376.7,0.8224
MR1311,5669.5,5055.8,0.8426
MR1312,5410.3,4515.6,0.8068
MR1313,5351.9,4283.8,0.8027
MR1314,5612.4,4745.7,0.8957
MR1315,8086.9,7532.8,0.8932
MR1316,5621.9,4557.3,0.9375
MR1317,5801.5,4939.5,0.8668
MR1318,11433.2,9565.2,0.8991
MR1319,8754.9,7030.6,0.7843
MR1320,8295.6,6980.6,0.9317
MR1321,3184.5,2697.7,0.925
MR1322,5535.1,4428.8,0.7991
MR1323,5804.9,4989.9,0.8947
MR1324,2476.1,2067.7,0.8207
MR1325,3657.9,3141.6,0.8795
MR1326,5340.3,5026.8,0.9158
MR1327,5294.6,4261.9,0.8694
MR1328,5854.8,5086.7,0.8255
MR1329,3044.1,2507.4,0.8966
MR1330,5760.4,4860.1,0.9391
MR1331,2481.7,2025.8,0.7851
MR1332,5525.2,5001.5,0.9434
MR1333,5715.1,4744.9,0.9083
MR1334,3261.7,2691.6,0.8022
MR1335,2276.8,1864.3,0.8506
MR1336,2672.5,2404.7,0.9008
MR1337,3214.5,2662.5,0.9253
MR1338,4284.2,3615.0,0.8001
MR1339,6763.0,5940.1,0.8088
MR1340,12995.5,11348.2,0.8878
MR1341,11011.1,9184.8,0.8354
MR1342,7309.1,6619.5,0.9018
MR1343,5667.3,4613.1,0.8542
MR1344,6503.0,5312.6,0.8936
MR1345,5339.7,4780.4,0.7956
MR1346,7436.7,7053.4,0.8379
MR1347,7288.2,5981.8,0.8965
MR1348,3645.1,3173.2,0.9057
MR1349,3341.6,2943.2,0.8915
MR1350,2467.7,2119.8,0.8081
MR1351,1809.5,1535.7,0.8164
MR1352,2895.3,2348.9,0.9361
MR1353,2683.1,2471.7,0.9165
MR1354,10486.6,8457.7,0.9418
MR1355,11547.8,9367.0,0.9115
MR1356,7807.6,6396.0,0.9048
MR1357,10790.9,10256.1,0.893
MR1358,11841.7,10376.1,0.9031
MR1359,4459.6,3940.4,0.7939
MR1360,8614.1,7316.2,0.7993
MR1361,10611.3,10048.1,0.7848
MR1362,4664.1,3855.6,0.8828
MR1363,7885.0,7280.5,0.8238
MR1364,9603.4,8295.3,0.915
MR1365,7354.3,6731.3,0.9234
MR1366,10824.2,10074.8,0.8054
MR1367,9024.8,7266.2,0.8144
MR1368,7067.0,6385.1,0.8534
MR1369,4898.5,3977.8,0.782
MR1370,3892.1,3667.4,0.9357
MR1371,8240.6,7389.3,0.9045
MR1372,3765.7,3448.0,0.9352
MR1373,6745.7,6211.1,0.781
MR1374,8289.2,7601.8,0.8866
MR1375,7121.9,6426.3,0.9379
MR1376,1782.4,1531.7,0.9143
MR1377,2156.6,1858.2,0.8925
MR1378,3098.9,2890.1,0.9464
MR1379,2734.2,2590.9,0.9175
MR1380,6670.3,5991.5,0.9112
MR1381,4939.1,4247.8,0.789
MR1382,4053.6,3507.1,0.8312
MR1383,4480.2,3718.0,0.8414
MR1384,5610.4,4977.9,0.8256
MR1385,9779.1,8711.4,0.8388
MR1386,3852.7,3631.5,0.8485
MR1387,3727.1,3197.7,0.8526
MR1388,9358.5,7708.3,0.7862
MR1389,6378.2,5261.8,0.92
MR1390,10134.7,8449.2,0.8462
MR1391,7960.7,7290.9,0.8474
MR1392,6877.4,5564.3,0.9242
MR1393,3392.0,3214.4,0.8499
MR1394,6073.0,5317.9,0.8054
MR1395,4744.3,3967.3,0.7964
MR1396,4725.0,4204.9,0.8486
MR1397,5141.3,4689.1,0.7913
MR1398,3026.6,2679.8,0.8056
MR1399,8223.5,6693.2,0.8376
MR1400,6342.3,5764.4,0.8725
MR1401,3783.3,3179.1,0.9206
MR1402,2358.7,2049.1,0.8306
MR1403,3567.9,2975.1,0.7933
MR1404,3237.8,3050.1,0.811
MR1405,1797.2,1499.4,0.7909
MR1406,2715.7,2471.1,0.9482
MR1407,3636.1,3057.1,0.8369
MR1408,5483.8,4730.4,0.9389
MR1409,6144.8,5765.0,0.8178
MR1410,5780.4,4767.0,0.9032
MR1411,8451.4,7564.8,0.8503
MR1412,4907.4,4642.9,0.8407
MR1413,6814.9,5647.4,0.8004
MR1414,4034.0,3697.2,0.7855
MR1415,6909.1,5837.2,0.821
MR1416,3684.3,3350.1,0.8963
MR1417,5747.3,4951.1,0.8817
MR1418,3701.9,3134.7,0.8723
MR1419,3345.0,2708.3,0.7968
MR1420,4038.5,3445.0,0.8668
MR1421,6109.2,5580.5,0.8302
MR1422,6052.4,5320.6,0.9059
MR1423,4230.4,3451.1,0.9366
MR1424,5305.3,4816.4,0.8867
MR1425,2294.3,1991.6,0.9365
MR1426,6769.3,5551.5,0.8703
MR1427,3790.1,3355.2,0.7974
MR1428,3247.6,2788.9,0.8311
MR1429,3377.8,3011.7,0.9413
MR1430,3602.6,2989.4,0.8276
MR1431,2307.6,1961.0,0.7875
MR1432,7347.6,6586.3,0.9444
MR1433,3764.7,3533.1,0.825
MR1434,5980.9,5631.1,0.8052
MR1435,5705.3,4816.6,0.9467
MR1436,3115.3,2733.8,0.8736
MR1437,4830.7,4363.4,0.8932
MR1438,9038.9,7514.9,0.8364
MR1439,10208.2,8251.7,0.8223
MR1440,4075.2,3467.0,0.9494
MR1441,2360.3,1969.1,0.8189
MR1442,9471.6,8722.7,0.8234
MR1443,7512.9,6462.1,0.9309
MR1444,8839.4,7260.1,0.8471
MR1445,4317.3,3581.2,0.8574
MR1446,10195.2,8811.9,0.7892
MR1447,4376.0,3957.5,0.8227
MR1448,4561.9,3881.6,0.9375
MR1449,3328.5,2929.2,0.9143
MR1450,8877.5,8443.2,0.9051
MR1451,6868.6,6134.8,0.882
MR1452,5118.6,4863.0,0.8095
MR1453,6596.7,5372.3,0.9048
MR1454,7059.8,6217.1,0.8209
MR1455,3666.8,3086.8,0.8678
MR1456,3649.3,3321.0,0.8329
MR1457,3404.2,2730.5,0.9243
MR1458,5641.8,4926.8,0.9218
MR1459,4280.1,3540.6,0.88
MR1460,2951.9,2478.8,0.9253
MR1461,3404.6,3022.0,0.8171
MR1462,5918.7,5058.2,0.8095
MR1463,2667.5,2334.9,0.8679
MR1464,3517.7,2884.9,0.8216
MR1465,3052.4,2571.7,0.8789
MR1466,4016.7,3529.7,0.9366
MR1467,6457.1,5628.9,0.9306
MR1468,7485.9,6179.2,0.8451
MR1469,5177.3,4275.3,0.9143
MR1470,2367.8,1981.6,0.9299
MR1471,7475.3,7064.8,0.8331
MR1472,6029.7,5496.2,0.9169
MR1473,7687.1,6375.5,0.9321
MR1474,9750.4,8669.2,0.8882
MR1475,10077.9,8080.7,0.8652
MR1476,6154.4,5633.6,0.866
MR1477,8609.5,7079.7,0.8265
MR1478,10231.8,8915.3,0.943
MR1479,3441.6,2947.4,0.932
MR1480,7288.4,6035.7,0.7935
MR1481,3152.0,2854.7,0.9035
MR1482,3904.0,3707.2,0.8532
MR1483,6967.8,6041.8,0.8561
MR1484,11765.2,10379.7,0.931
MR1485,9520.4,8108.3,0.7889
MR1486,7493.4,6201.5,0.9409
MR1487,3025.3,2748.4,0.9466
MR1488,4270.6,3842.8,0.9327
MR1489,5987.5,5211.2,0.8476
MR1490,5453.9,4584.1,0.9468
MR1491,5840.2,4909.3,0.8567
MR1492,13122.4,12004.7,0.8057
MR1493,11559.8,9273.0,0.8914
MR1494,6718.9,6046.7,0.8403
MR1495,8860.2,7092.4,0.8758
MR1496,6936.8,5781.1,0.7943
MR1497,4767.2,4386.4,0.7877
MR1498,4865.5,3893.5,0.858
MR1499,4717.2,3825.7,0.8076
MR1500,4973.9,4147.2,0.8306
MR1501,9062.8,7667.0,0.8579
MR1502,8057.0,7469.7,0.9498
MR1503,10873.7,9128.3,0.8105
MR1504,8378.1,6738.0,0.7983
MR1505,8985.8,7775.0,0.9102
MR1506,5705.8,4864.0,0.8654
MR1507,9635.2,8873.3,0.897
MR1508,5100.1,4486.5,0.812
MR1509,11881.7,10830.2,0.8747
MR1510,7463.2,5990.6,0.8098
MR1511,7119.4,5921.2,0.8901
MR1512,7061.0,6646.8,0.8496
MR1513,6561.4,6189.4,0.8663
MR1514,8318.4,6713.8,0.92
MR1515,4040.8,3689.5,0.8434
MR1516,4982.4,4143.1,0.8182
MR1517,2603.9,2391.7,0.9251
MR1518,7035.8,5995.7,0.9403
MR1519,9091.2,7924.9,0.8569
MR1520,7825.1,7393.6,0.7963
MR1521,7172.3,6375.6,0.8186
MR1522,7722.9,7061.4,0.8459
MR1523,11241.6,9169.5,0.8609
MR1524,5183.6,4185.5,0.8811
MR1525,7287.0,6805.4,0.9386
MR1526,4740.6,3992.1,0.9183
MR1527,4318.8,3621.2,0.9148
MR1528,5364.8,4905.8,0.9359
MR1529,4001.2,3580.6,0.9227
MR1530,7918.5,7340.4,0.8969
MR1531,9627.2,8529.9,0.9079
MR1532,12424.6,11495.2,0.8927
MR1533,5247.8,4861.1,0.7819
MR1534,10917.9,10137.4,0.878
MR1535,5537.4,4453.2,0.8792
MR1536,5484.4,4414.8,0.8572
MR1537,9922.5,8181.6,0.8925
MR1538,5100.7,4159.7,0.8187
MR1539,8068.8,6884.6,0.8858
MR1540,7311.5,6277.0,0.8761
MR1541,6461.1,5648.5,0.8886
MR1542,4670.6,4105.0,0.7913
MR1543,3374.0,2782.4,0.9492
MR1544,6060.6,5256.3,0.8886
MR1545,3937.4,3356.7,0.8754
MR1546,4325.7,3555.9,0.8994
MR1547,11757.5,9879.0,0.8876
MR1548,7149.1,6398.4,0.8187
MR1549,1932.0,1597.8,0.9456
MR1550,1706.9,1532.9,0.9434
MR1551,3090.5,2601.5,0.791
MR1552,3569.7,3154.2,0.9346
MR1553,1434.7,1178.6,0.9186
MR1554,5137.7,4393.7,0.8433
MR1555,7085.6,5698.0,0.8299
MR1556,3808.4,3273.7,0.8844
MR1557,6534.4,6159.1,0.8508
MR1558,6595.9,5509.3,0.9414
MR1559,7663.0,6281.9,0.7998
MR1560,4332.8,4001.2,0.9042
MR1561,4439.3,3837.6,0.9293
MR1562,2206.1,1870.6,0.8727
MR1563,5880.5,5507.2,0.8926
MR1564,7653.5,7127.9,0.8115
MR1565,8937.9,7169.6,0.9119
MR1566,6728.9,6109.7,0.795
MR1567,8086.1,7119.9,0.8632
MR1568,5075.3,4146.0,0.9033
MR1569,5811.6,4724.7,0.8221
MR1570,3899.3,3220.9,0.7939
MR1571,4057.2,3471.0,0.7849
MR1572,4063.6,3397.2,0.8455
MR1573,3238.4,2893.9,0.8554
MR1574,2727.0,2255.3,0.8544
MR1575,3481.6,3288.8,0.9211
MR1576,4633.5,3766.1,0.8252
MR1577,4881.6,4219.3,0.8481
MR1578,10659.2,9933.5,0.9102
MR1579,7309.9,6915.7,0.8303
MR1581,9959.2,8541.4,0.9149
MR1582,9522.5,8414.9,0.8438
MR1583,1619.4,1318.0,0.7835
MR1584,4389.6,3669.8,0.8739
MR1585,5537.8,4641.4,0.8958
MR1586,4775.2,4182.5,0.9096
MR1587,4391.5,3693.9,0.8892
MR1588,4553.4,3824.8,0.8312
MR1589,5709.9,4728.5,0.799
MR1590,3182.0,2857.8,0.8025
MR1591,3164.4,2757.6,0.831
MR1592,3522.6,2913.7,0.9054
MR1593,5575.6,4660.1,0.9097
MR1594,6968.0,5983.8,0.842
MR1595,6896.4,5607.6,0.7945
MR1596,6449.8,5676.5,0.8406
MR1597,7606.1,6394.8,0.9129
MR1598,3920.3,3622.1,0.9024
MR1599,4563.9,4068.4,0.7856
MR1600,5259.9,4282.4,0.8579
MR1601,3798.6,3182.6,0.8987
MR1602,11568.5,9659.0,0.789
MR1603,11262.6,10467.5,0.8063
MR1604,5912.8,5501.7,0.8665
MR1605,2988.0,2637.9,0.8074
MR1606,4911.8,4628.1,0.9188
MR1607,7859.7,6477.2,0.939
MR1609,5328.7,4795.7,0.9052
MR1610,2881.9,2707.7,0.8285
MR1611,10144.7,8433.2,0.8966
MR1612,6396.6,5803.4,0.9088
MR1613,7278.8,6252.3,0.8136
MR1614,9585.8,8590.4,0.8332
MR1615,5405.2,4424.0,0.9325
MR1616,4825.5,4193.3,0.8119
MR1617,10360.4,8569.2,0.8645
MR1618,7137.1,6133.0,0.8689
MR1619,4591.7,4161.9,0.8291
MR1620,8863.6,7099.6,0.848
MR1621,4134.6,3764.7,0.8175
MR1622,2924.6,2364.4,0.8406
MR1623,2260.3,2106.4,0.8263
MR1624,2836.9,2431.5,0.8107
MR1625,3858.0,3105.6,0.9021
MR1626,3198.3,2994.4,0.7916
MR1627,2196.8,2026.4,0.8179
MR1628,9359.9,7554.9,0.7823
MR1629,12874.8,10696.2,0.9376
MR1630,9711.3,8210.7,0.8655
MR1631,7014.7,6556.3,0.816
MR1632,7002.1,5724.0,0.8232
MR1633,3285.7,2681.9,0.8222
MR1634,5034.5,4337.6,0.7926
MR1635,3753.7,3397.7,0.8089
MR1636,5697.6,4721.9,0.8458
MR1637,5857.5,4789.9,0.857
MR1638,6671.0,5612.7,0.8702
MR1639,4303.6,3713.3,0.9162
MR1640,6305.6,5940.5,0.868
MR1641,5261.8,4721.1,0.8932
MR1642,4670.9,4348.5,0.7907
MR1644,11307.1,10113.0,0.8686
MR1645,4671.9,4261.3,0.8353
MR1646,4723.7,3947.0,0.7998
MR1647,10557.7,8611.0,0.8757
MR1648,4545.7,3860.4,0.835
MR1649,8083.9,6601.2,0.8454
MR1650,4236.7,3485.6,0.8981
MR1651,5075.7,4064.4,0.7877
MR1652,7657.8,6887.5,0.9102
MR1653,4107.8,3568.8,0.9259
MR1654,6250.0,5166.0,0.8802
MR1655,6949.5,6371.1,0.834
MR1656,7682.0,6582.3,0.8692
MR1657,6694.1,6114.4,0.8652
MR1658,3276.0,2934.7,0.826
MR1659,3316.1,2939.6,0.8552
MR1660,3234.7,2655.9,0.8046
MR1661,1635.0,1532.1,0.9254
MR1663,8987.9,7416.0,0.9298
MR1664,3989.2,3222.8,0.9435
MR1665,9569.5,9052.4,0.8928
MR1666,9186.8,7546.8,0.909
MR1667,8785.7,7929.8,0.865
MR1668,4813.4,3968.5,0.8377
MR1669,10056.1,8450.3,0.9149
MR1670,7116.4,6749.8,0.9314
MR1671,9179.6,7803.2,0.8959
MR1672,8747.7,7308.7,0.8885
MR1673,5502.2,4475.1,0.8722
MR1674,3692.9,2993.9,0.9298
MR1675,13111.5,11958.5,0.804
MR1676,11161.4,9196.4,0.8581
MR1677,7216.1,5776.3,0.8584
MR1678,5659.1,5153.6,0.9126
MR1679,6000.7,5583.7,0.9452
MR1680,8726.9,7073.5,0.8441
MR1681,4090.1,3580.8,0.9489
MR1682,5053.7,4803.3,0.8236
MR1683,2856.7,2689.2,0.9307
MR1684,7770.8,6369.0,0.8535
MR1685,9883.3,9030.8,0.7972
MR1686,5490.6,5188.2,0.9036
MR1687,3499.4,3161.7,0.9046
MR1688,4793.7,3962.2,0.8716
MR1689,9476.5,8777.3,0.948
MR1690,8540.2,7502.4,0.8683
MR1691,6153.7,5541.8,0.8527
MR1693,11771.2,10451.4,0.9
MR1694,7564.4,6336.3,0.9495
MR1695,6820.4,5809.0,0.9361
MR1696,3770.8,3539.6,0.8021
MR1697,3157.7,2923.6,0.8656
MR1698,3780.4,3565.4,0.7842
MR1699,5157.5,4409.3,0.8826
MR1700,4983.9,4080.7,0.9374
MR1701,4388.1,4042.3,0.8649
MR1702,4192.7,3491.9,0.8819
MR1703,2756.4,2532.9,0.8764
MR1704,2826.6,2586.7,0.7831
MR1705,3527.3,2839.3,0.9202
MR1706,4091.7,3352.1,0.8428
MR1707,8818.7,7422.8,0.8778
MR1708,4205.3,3709.3,0.9144
MR1709,5607.8,5204.0,0.9015
MR1710,7831.9,6297.4,0.8177
MR1711,5499.9,4962.3,0.8266
MR1712,6014.0,5524.4,0.8372
MR1713,8915.0,7277.7,0.8652
MR1714,1984.0,1808.7,0.8039
MR1715,7485.2,6078.7,0.8441
MR1716,5600.7,5212.3,0.8803
MR1717,6460.1,5579.2,0.9119
MR1718,10070.6,9525.3,0.8408
MR1719,8479.1,6971.5,0.8796
MR1720,2667.1,2346.4,0.7851
MR1721,1847.5,1659.2,0.9283
MR1723,4603.1,4175.8,0.8687
MR1724,3540.4,3096.9,0.8392
MR1725,5077.4,4425.8,0.9245
MR1726,6455.1,6112.4,0.888
MR1727,6961.5,5897.6,0.8215
MR1728,4238.2,3936.1,0.8147
MR1729,7078.4,6585.2,0.8122
MR1730,4767.3,4339.1,0.8139
MR1731,4085.0,3528.2,0.9315
MR1732,4320.1,3471.8,0.796
MR1733,5125.1,4253.2,0.908
MR1734,6622.2,5428.9,0.9469
MR1735,8154.8,7272.9,0.8682
MR1736,8336.6,6761.7,0.8468
MR1737,7326.7,6420.0,0.8683
MR1738,7051.3,6554.0,0.854
MR1739,9393.3,8357.4,0.7983
MR1740,5564.3,5114.9,0.8928
MR1741,3802.5,3398.5,0.8439
MR1742,6066.4,5714.4,0.9246
MR1743,5203.2,4732.5,0.9261
MR1744,1984.2,1877.7,0.828
MR1745,3346.7,3001.6,0.8118
MR1746,2834.6,2608.0,0.8314
MR1747,4828.2,4329.8,0.8468
MR1748,3973.3,3428.2,0.8371
MR1749,4851.3,4049.2,0.8962
MR1750,6854.3,5841.2,0.8109
MR1751,3759.6,3130.5,0.9209
MR1752,4665.2,4016.2,0.8165
MR1753,4603.6,4092.8,0.8579
MR1754,5769.3,4847.8,0.8814
MR1755,10448.5,9257.5,0.9094
MR1756,3649.4,3020.8,0.8465
MR1757,3262.9,2980.0,0.834
MR1758,3821.4,3337.5,0.8172
MR1759,4598.6,4000.7,0.8303
MR1760,2981.9,2723.2,0.9393
MR1761,4710.0,4277.7,0.8115
MR1762,6306.0,5873.7,0.8968
MR1763,5987.6,5390.4,0.815
MR1764,6143.3,5794.1,0.8941
MR1765,2711.2,2278.7,0.7894
MR1766,6713.4,5962.4,0.913
MR1767,6934.5,6165.5,0.8118
MR1768,5065.0,4275.2,0.9104
MR1769,5159.7,4303.2,0.8772
MR1770,6191.1,5741.4,0.8726
MR1771,7247.2,5967.3,0.8569
MR1772,7711.1,6201.7,0.867
MR1773,8113.5,6583.2,0.8882
MR1774,8701.2,6996.3,0.9144
MR1775,8091.8,7062.7,0.9257
MR1776,4295.2,3585.3,0.7975
MR1777,1469.1,1224.7,0.7985
MR1778,2758.0,2529.8,0.892
MR1779,1553.7,1358.4,0.8203
MR1780,5819.7,5068.1,0.9001
MR1781,5676.2,5151.1,0.8035
MR1782,4183.5,3805.1,0.8377
MR1783,8602.0,7056.6,0.8986
MR1784,11216.6,9527.4,0.9418
MR1786,10689.4,8887.2,0.8458
MR1787,2774.7,2599.2,0.9056
MR1788,1876.1,1674.3,0.9279
MR1789,5279.0,4460.3,0.9499
MR1790,4362.1,3724.1,0.8659
MR1791,4197.5,3715.0,0.8348
MR1792,9442.9,8034.7,0.9325
MR1794,4330.2,3722.5,0.9335
MR1795,3728.2,3031.2,0.8217
MR1796,3539.5,3057.2,0.8659
MR1797,1829.4,1690.1,0.7915
MR1798,6282.5,5299.4,0.9283
MR1799,6866.1,5933.5,0.8881
MR1800,6210.2,5789.3,0.845
MR1801,8066.6,6963.5,0.9167
MR1802,5332.4,4619.9,0.8916
MR1803,4549.1,3816.9,0.8179
MR1804,5056.5,4149.8,0.9279
MR1805,2793.1,2655.9,0.8462
MR1806,10206.9,9005.8,0.9221
MR1807,4837.7,3992.5,0.847
MR1808,6117.7,5258.3,0.9293
MR1809,7659.7,6668.9,0.8665
MR1810,6123.1,5389.0,0.9412
MR1811,7417.6,6822.0,0.8244
MR1812,9327.3,8598.1,0.883
MR1813,6437.9,5206.5,0.7905
MR1814,7687.9,6673.6,0.8036
MR1815,5113.6,4348.7,0.9155
MR1816,1918.3,1681.2,0.7934
MR1817,3332.3,2673.7,0.9017
MR1818,4572.1,3980.1,0.9122
MR1819,3470.8,3278.5,0.8387
MR1820,8493.5,7070.5,0.8486
MR1821,4433.9,3807.4,0.8033
MR1822,13308.4,10809.9,0.8554
MR1823,12052.9,10283.5,0.9402
MR1824,7454.8,6104.9,0.91
MR1825,4242.8,3687.5,0.8781
MR1826,5208.4,4416.1,0.7839
MR1827,7210.7,6550.3,0.9061
MR1828,7706.7,6954.5,0.7846
MR1829,9899.7,8392.6,0.847
MR1830,6925.3,5705.5,0.9038
MR1831,9913.7,8554.0,0.8953
MR1833,7355.4,6953.6,0.7815
MR1834,8362.7,7825.2,0.9383
MR1835,2361.7,1931.6,0.8263
MR1836,4866.6,4141.1,0.7934
MR1837,4358.6,3787.0,0.9188
MR1838,3032.8,2509.4,0.8327
MR1839,2239.0,1896.2,0.8918
MR1840,1486.9,1204.8,0.9115
MR1841,2306.8,2163.3,0.9203
MR1842,5891.9,4972.7,0.8851
MR1843,11290.5,9334.0,0.8794
MR1844,7504.5,7019.5,0.8761
MR1845,4863.5,4512.5,0.8523
MR1846,9140.1,7861.7,0.8717
MR1847,9339.8,8125.0,0.8022
MR1848,3747.7,3552.8,0.9124
MR1849,1615.3,1461.2,0.8976
MR1850,4138.2,3729.1,0.7881
MR1851,5395.7,5035.7,0.9337
MR1852,7223.4,6582.6,0.7875
MR1853,2456.3,2011.5,0.8231
MR1854,5922.7,5548.2,0.881
MR1855,3701.7,3098.3,0.9135
MR1856,4288.2,3662.8,0.8531
MR1857,4228.5,3861.4,0.8691
MR1858,5885.8,5480.0,0.913
MR1859,7167.2,6215.7,0.9478
MR1860,4684.1,4353.3,0.8579
MR1861,5098.4,4164.4,0.8095
MR1862,3226.2,2849.1,0.9485
MR1863,3005.4,2546.2,0.9053
MR1864,2014.2,1852.5,0.8902
MR1865,3251.5,2872.5,0.9261
MR1866,2711.3,2449.9,0.8167
MR1867,6676.3,5365.5,0.8899
MR1868,4545.6,4184.6,0.9233
MR1869,2593.6,2255.2,0.9221
MR1870,2399.8,2099.5,0.9101
MR1871,1869.5,1578.4,0.8728
MR1872,5631.8,5262.7,0.8003
MR1873,6082.0,5318.4,0.8231
MR1874,5256.5,4594.6,0.7936
MR1875,3054.5,2727.0,0.8562
MR1876,3189.0,2645.9,0.9354
MR1877,2648.6,2276.0,0.8179
MR1878,1728.4,1557.9,0.9444
MR1879,4878.3,4599.6,0.8337
MR1880,4415.4,3862.0,0.7856
MR1881,4419.8,3932.3,0.8883
MR1882,3745.3,3347.5,0.9436
MR1883,4842.2,4509.4,0.8571
MR1884,6834.3,5937.0,0.901
MR1885,6084.5,5356.9,0.9447
MR1886,10799.6,9158.7,0.8019
MR1887,6300.6,5047.9,0.8703
MR1888,4620.2,3854.8,0.9463
MR1889,5262.3,4513.0,0.8823
MR1890,6563.3,6220.3,0.8705
MR1891,3925.9,3699.8,0.8079
MR1892,3449.4,2792.8,0.9061
MR1893,1831.2,1647.8,0.8447
MR1894,5720.7,4701.5,0.9105
MR1895,4811.1,4268.2,0.91
MR1896,8301.4,6650.3,0.8633
MR1897,6396.2,5181.1,0.8067
MR1898,3238.6,2858.9,0.9301
MR1899,8175.8,6946.8,0.8038
MR1900,11879.5,9519.5,0.9287
MR1902,9818.0,7859.0,0.8991
MR1904,5813.1,5073.9,0.9449
MR1905,2522.6,2380.9,0.9095
MR1906,5082.7,4240.6,0.7981
MR1907,4947.0,4553.1,0.9286
MR1908,8025.4,7279.0,0.8011
MR1909,8707.4,7225.5,0.9496
MR1910,8333.7,6767.6,0.8137
MR1911,6530.5,5930.9,0.9249
MR1912,5008.9,4338.6,0.8998
MR1913,1460.9,1257.0,0.8076
MR1914,1095.5,1025.7,0.8922
MR1915,3012.3,2770.7,0.894
MR1916,2899.0,2671.9,0.7871
MR1917,10768.1,10013.7,0.7869
MR1918,6278.1,5973.8,0.818
MR1919,8011.7,7552.9,0.84
MR1920,4035.3,3652.2,0.9285
MR1921,8863.2,7727.0,0.9109
MR1922,13040.1,10557.2,0.8486
MR1923,11470.8,10031.6,0.8161
MR1924,4368.4,3559.8,0.8484
MR1925,8927.5,7940.3,0.8885
MR1926,10298.2,8252.7,0.9124
MR1927,3644.3,3346.0,0.9109
MR1928,5436.0,5089.3,0.7938
MR1929,3024.2,2492.7,0.863
MR1930,4035.7,3552.4,0.7874
MR1931,8920.4,7593.3,0.825
MR1932,11144.1,9340.5,0.8768
MR1933,8293.0,6691.1,0.8119
MR1934,9131.0,7569.6,0.9234
MR1935,9944.8,8200.2,0.8642
MR1936,8013.7,6495.9,0.8275
MR1937,10518.2,8946.4,0.9097
MR1938,10507.8,9120.5,0.8778
MR1939,7665.2,6171.6,0.8343
MR1940,8696.1,7946.8,0.8466
MR1941,7947.8,7121.0,0.806
MR1942,3731.9,3311.8,0.7991
MR1943,5492.7,4539.5,0.9218
MR1945,7227.6,6472.7,0.8476
MR1946,5180.3,4661.7,0.8853
MR1947,5308.6,4509.2,0.7876
MR1948,5546.2,5078.7,0.8996
MR1949,6783.3,5805.1,0.7946
MR1950,6651.0,6243.9,0.9452
MR1951,4339.8,3575.1,0.796
MR1952,3717.7,3011.6,0.8259
MR1953,2916.8,2646.6,0.8199
MR1954,5016.5,4217.9,0.9198
MR1955,3154.5,2537.9,0.8269
MR1956,8330.5,7619.3,0.7972
MR1957,3387.9,2713.3,0.9149
MR1958,5019.2,4079.1,0.8851
MR1959,3813.1,3228.6,0.8171
MR1960,10233.3,9293.9,0.847
MR1961,9771.5,8256.2,0.8028
MR1962,2355.8,1954.5,0.8661
MR1963,5232.3,4733.2,0.8688
MR1964,3793.7,3132.2,0.8096
MR1965,9049.9,8454.7,0.8048
MR1966,7850.8,6816.7,0.935
MR1967,12293.0,9851.2,0.8984
MR1968,10029.8,9498.2,0.8774
MR1969,4338.1,3582.4,0.8052
MR1970,3848.2,3417.5,0.821
MR1971,9201.2,7385.1,0.8595
MR1972,6420.4,5605.7,0.8538
MR1973,5624.9,4813.4,0.9147
MR1974,4601.4,4310.4,0.9009
MR1975,4100.0,3565.9,0.8827
MR1976,4957.3,4636.8,0.895
MR1977,5619.8,5029.2,0.8207
MR1978,5544.3,5117.3,0.8603
MR1979,8451.3,6800.4,0.9066
MR1980,4287.7,3699.1,0.846
MR1981,2511.2,2287.5,0.8697
MR1982,4767.0,4516.9,0.9196
MR1983,6924.7,5777.5,0.8346
MR1984,6714.1,5640.3,0.8098
MR1985,4760.1,4265.8,0.811
MR1986,2797.4,2476.0,0.911
MR1987,3046.3,2876.5,0.9298
MR1988,2955.7,2412.4,0.8387
MR1989,1637.7,1497.1,0.8122
MR1990,2475.4,2144.8,0.9313
MR1991,4692.7,4170.2,0.7897
MR1992,5032.4,4601.0,0.8298
MR1993,5083.4,4121.0,0.9202
MR1994,4166.8,3372.1,0.7843
MR1995,5110.1,4359.6,0.8965
MR1996,6150.2,5410.9,0.9423
MR1997,7334.7,5912.5,0.9088
MR1998,7059.7,6196.4,0.9044
MR1999,5718.8,5049.5,0.8739
MR2000,4395.7,3959.1,0.8752
MR2001,9262.4,7726.5,0.9398
MR2002,6833.8,5956.9,0.8093
MR2004,4335.7,4102.0,0.9045
MR2005,12513.1,11346.2,0.8206
MR2006,7261.0,6540.0,0.9463
MR2007,1840.1,1664.1,0.7914
MR2008,3398.7,2769.1,0.9296
MR2010,2274.0,1909.8,0.8846
MR2011,2460.5,2150.2,0.7893
MR2012,10854.0,9005.9,0.94
MR2013,7018.1,6178.2,0.8412
MR2014,5045.4,4386.9,0.8366
MR2015,7949.2,6764.6,0.9193
MR2016,6376.5,5427.3,0.8577
MR2017,6885.1,6206.8,0.783
MR2018,4430.3,3761.4,0.9338
MR2019,2030.2,1711.4,0.8895
MR2020,5701.3,4577.0,0.9484
MR2021,3945.7,3562.6,0.9084
MR2022,8965.9,7571.5,0.8626
MR2023,9304.7,7868.8,0.9457
MR2024,9673.4,8593.9,0.8214
MR2025,8715.1,8160.1,0.8117
MR2026,3931.8,3314.0,0.919
MR2027,4189.6,3410.1,0.7869
MR2028,4591.9,4050.6,0.8579
MR2029,4668.0,4268.7,0.908
MR2030,4314.1,3888.8,0.8275
MR2031,4913.5,4501.8,0.9451
MR2032,6475.2,5337.3,0.9112
MR2033,8635.8,7856.0,0.8693
MR2034,6422.0,5890.7,0.8144
MR2035,8208.6,7081.8,0.9333
MR2036,5084.4,4754.1,0.8058
MR2037,2020.1,1778.1,0.924
MR2038,6366.3,5727.4,0.8484
MR2039,2492.4,2270.7,0.9104
MR2040,7850.5,7153.7,0.8741
MR2041,8667.5,8106.3,0.8139
MR2042,5060.6,4207.4,0.8766
MR2043,6405.5,5966.1,0.8517
MR2044,4507.5,3754.1,0.7851
MR2045,7122.6,6429.8,0.8136
MR2046,7499.3,6593.8,0.8873
MR2047,4531.0,3649.5,0.8225
MR2048,3383.7,2732.6,0.9007
MR2049,2226.1,1986.7,0.886
MR2050,2282.6,1839.7,0.8773
MR2051,2337.7,1991.7,0.7906
MR2052,10680.9,8926.9,0.8825
MR2053,7985.3,7305.0,0.8508
MR2054,9001.6,7717.4,0.9443
MR2055,7854.3,7413.7,0.8875
MR2056,6578.6,6059.4,0.8215
MR2057,5545.7,5189.9,0.9284
MR2058,7321.3,5988.7,0.9124
MR2059,11028.9,10356.5,0.816
MR2060,8162.8,7626.5,0.7857
MR2061,3898.0,3618.0,0.9131
MR2062,10857.3,9685.2,0.8843
MR2063,11865.6,9531.1,0.9035
MR2064,6193.8,5115.4,0.8866
MR2065,7000.9,6151.3,0.786
MR2066,6827.0,5478.8,0.8575
MR2067,4535.8,3765.3,0.8952
MR2068,2273.2,1851.3,0.9158
MR2069,7791.0,6444.7,0.8238
MR2070,8062.1,7063.9,0.9102
MR2071,11851.0,11104.1,0.8851
MR2072,11596.2,9895.2,0.8259
MR2073,3382.4,2816.4,0.8379
MR2074,4609.1,3834.7,0.852
MR2075,3542.1,3079.0,0.8113
MR2076,6583.5,6253.4,0.8515
MR2077,6714.8,5737.3,0.8784
MR2078,8744.7,8308.4,0.7943
MR2079,8553.0,6879.7,0.8899
MR2080,8611.8,8003.0,0.7859
MR2081,8827.7,7155.9,0.8614
MR2082,3600.2,3333.9,0.88
MR2083,7555.7,7022.7,0.9022
MR2084,4860.6,4595.4,0.8964
MR2085,4080.0,3770.8,0.7949
MR2086,7357.6,6503.0,0.7925
MR2087,6200.9,5496.9,0.82
MR2088,4962.0,4613.7,0.7964
MR2089,4097.1,3897.5,0.7861
MR2090,3325.1,2709.5,0.8687
MR2091,5067.2,4598.9,0.9257
MR2092,7784.8,6756.0,0.9012
MR2093,6807.4,6259.2,0.8188
MR2094,3333.5,3162.4,0.815
MR2095,7089.8,6552.0,0.9377
MR2096,8248.3,7271.8,0.8756
MR2097,3373.2,3062.4,0.9165
MR2098,3181.4,2791.5,0.9365
MR2099,3249.6,2849.9,0.9326
MR2100,2869.0,2374.6,0.9464
MR2101,7580.0,6318.2,0.798
MR2102,5091.8,4145.8,0.8395
MR2103,4341.4,3530.4,0.7939
MR2104,7511.9,6363.3,0.839
MR2105,10643.3,8644.5,0.868
MR2106,7832.9,7432.8,0.7945
MR2107,4251.7,3980.6,0.8597
MR2108,5302.7,4337.0,0.9005
MR2109,3963.6,3417.1,0.8814
MR2110,11419.3,9627.8,0.8204
MR2111,6425.6,5961.5,0.7957
MR2112,9055.5,7708.1,0.8304
MR2113,5274.4,4407.9,0.84
MR2114,6124.9,4910.5,0.8154
MR2115,7622.4,6204.4,0.8044
MR2116,8743.4,7456.5,0.7875
MR2117,8092.2,7528.3,0.8983
MR2118,4555.2,4021.3,0.812
MR2119,3976.5,3654.3,0.805
MR2120,4232.1,3549.3,0.7863
MR2122,5902.1,5427.2,0.9371
MR2123,10959.3,10201.8,0.9326
MR2124,11833.9,10021.9,0.8375
MR2125,11485.5,9644.0,0.8977
MR2126,4491.6,3981.0,0.842
MR2127,4962.1,4363.4,0.9339
MR2128,6317.8,5122.1,0.7959
MR2129,4572.1,4161.4,0.7853
MR2130,6880.2,6128.3,0.8522
MR2131,4386.1,3551.4,0.8128
MR2132,12419.9,10522.7,0.7985
MR2133,8773.4,7634.2,0.9
MR2134,4603.8,3968.7,0.8178
MR2135,8380.9,6800.6,0.814
MR2136,6585.9,5328.9,0.8023
MR2137,8597.7,6912.4,0.8165
MR2138,10591.7,8716.0,0.7986
MR2139,2770.9,2429.0,0.8682
MR2140,6078.1,5350.3,0.7952
MR2141,3201.7,2626.3,0.8087
MR2142,1701.5,1403.0,0.8633
MR2143,2444.8,2168.3,0.8207
MR2144,2397.0,1921.3,0.9363
MR2145,2319.5,1981.8,0.8147
MR2146,3091.9,2632.5,0.8199
MR2147,3332.9,2964.1,0.8957
MR2148,5121.9,4606.8,0.7808
MR2149,7284.6,6484.4,0.8949
MR2150,5978.8,5385.2,0.8608
MR2151,4467.7,4060.4,0.8821
MR2153,9571.3,8933.8,0.9474
MR2154,4033.1,3766.8,0.8384
MR2155,2338.8,1917.8,0.8055
MR2156,4172.1,3546.3,0.8844
MR2157,4812.2,4505.3,0.8557
MR2158,2203.5,1890.3,0.8099
MR2159,1305.9,1135.2,0.9313
MR2160,6682.1,6240.3,0.8829
MR2161,6567.5,5505.7,0.7983
MR2162,6486.6,5327.7,0.8639
MR2163,2518.4,2029.2,0.9459
MR2164,6379.5,5255.4,0.7986
MR2165,3231.3,2718.0,0.8192
MR2166,3704.4,3498.8,0.8814
MR2167,5890.1,4801.5,0.9479
MR2168,4300.9,3662.8,0.8888
MR2169,9267.1,8757.7,0.8974
MR2170,3832.0,3254.2,0.9387
MR2171,8768.3,7631.5,0.9293
MR2172,6961.9,6624.1,0.7949
MR2173,2265.6,2078.2,0.9187
MR2174,8190.9,7108.8,0.8929
MR2175,4862.6,3943.6,0.7849
MR2176,4891.2,4032.3,0.8652
MR2177,1986.1,1780.2,0.8962
MR2178,2390.7,2234.5,0.8399
MR2179,1794.2,1684.3,0.8733
MR2180,4148.2,3336.7,0.9113
MR2181,4011.7,3350.2,0.8684
MR2182,2496.6,2251.0,0.8175
MR2183,4499.5,3989.5,0.8228
MR2184,7816.9,6662.8,0.8649
MR2185,3057.4,2790.9,0.8462
MR2186,6919.4,6580.5,0.8944
MR2187,9734.5,8003.5,0.827
MR2188,6497.4,5880.2,0.9162
MR2189,5730.3,5418.7,0.9228
MR2190,6177.1,5872.0,0.8029
MR2191,7736.5,6806.5,0.9358
MR2192,5798.6,5030.5,0.9108
MR2193,3593.7,3384.9,0.929
MR2194,9146.3,7610.0,0.7872
MR2196,5449.1,4434.2,0.9239
MR2197,3393.1,2918.3,0.8099
MR2198,6849.6,6078.7,0.8711
MR2199,5931.3,4814.2,0.8072
MR2200,5396.0,4907.7,0.8884
MR2201,4175.6,3738.2,0.8222
MR2202,2926.5,2573.2,0.9312
MR2203,8007.8,7459.1,0.8902
MR2204,8937.8,8141.7,0.7962
MR2205,5233.8,4968.8,0.9408
MR2206,2602.2,2219.3,0.8729
MR2207,4718.6,3981.9,0.9085
MR2208,7734.7,7237.2,0.8384
MR2209,6305.4,5739.2,0.9122
MR2210,3604.6,3401.1,0.9205
MR2211,8190.2,7416.3,0.9031
MR2212,12254.9,9949.9,0.8672
MR2214,3873.4,3684.7,0.7976
MR2215,3944.6,3326.2,0.9031
MR2216,7017.6,6504.4,0.853
MR2217,4236.3,3785.3,0.9172
MR2218,7057.7,6504.9,0.8197
MR2219,4825.0,4266.7,0.9382
MR2220,6195.5,5592.1,0.8084
MR2221,10310.9,8278.9,0.8956
MR2222,10867.8,8935.9,0.8805
MR2223,4911.2,4016.8,0.9026
MR2224,6269.0,5316.9,0.8273
MR2225,9998.4,8342.8,0.9274
MR2226,4465.3,4166.0,0.8128
MR2227,3684.9,3129.3,0.7881
MR2228,1826.9,1511.7,0.8489
MR2229,1458.0,1326.3,0.8321
MR2230,1717.9,1423.9,0.8036
MR2231,2960.2,2744.9,0.8666
MR2232,6819.7,6078.4,0.9045
MR2233,8854.3,8157.8,0.8234
MR2234,11758.2,10945.4,0.8477
MR2235,8277.3,7709.5,0.8893
MR2236,12095.8,10898.1,0.8433
MR2237,9629.6,8403.2,0.7993
MR2238,6545.6,5651.0,0.9088
MR2239,3034.4,2731.4,0.9116
MR2240,7337.1,6059.6,0.8714
MR2241,4849.2,4438.4,0.9074
MR2242,8135.9,7107.7,0.914
MR2243,6768.8,5962.2,0.8071
MR2244,6828.1,6467.4,0.7904
MR2245,6933.5,6390.6,0.8851
MR2246,4538.9,3908.6,0.9026
MR2247,2832.2,2540.6,0.9021
MR2248,6069.4,5460.0,0.8575
MR2249,7338.1,6673.7,0.8259
MR2250,5954.7,5357.1,0.8163
MR2251,3500.0,3113.2,0.8516
MR2252,10079.1,8930.2,0.7807
MR2253,4698.2,4238.0,0.8039
MR2254,4224.3,3516.7,0.8318
MR2255,8877.1,7170.4,0.9441
MR2256,6060.1,5525.4,0.9009
MR2257,3205.9,2718.3,0.9339
MR2258,9097.3,7656.0,0.8819
MR2259,7920.0,7114.9,0.8313
MR2260,7568.6,6885.2,0.8414
MR2261,3662.0,3038.1,0.8967
MR2262,5881.0,4872.9,0.9492
MR2263,6890.3,5972.1,0.8954
MR2264,6699.7,6076.1,0.8764
MR2265,4689.0,4273.6,0.8832
MR2266,5793.3,5444.6,0.8193
MR2267,5019.4,4304.8,0.8437
MR2268,11482.4,9609.4,0.9037
MR2269,8774.8,7726.4,0.9236
MR2270,5558.9,4984.0,0.862
MR2271,3913.3,3409.4,0.8715
MR2272,12530.0,10182.3,0.8761
MR2273,8326.2,6909.4,0.7902
MR2274,2851.7,2537.4,0.9469
MR2275,1897.8,1679.4,0.9043
MR2276,1421.2,1302.9,0.8772
MR2277,3693.9,3445.1,0.8687
MR2278,7707.5,6951.8,0.9449
MR2279,3576.7,2941.5,0.7953
MR2280,7784.7,7404.2,0.7874
MR2281,9210.0,7495.5,0.94
MR2282,8040.7,6446.3,0.8932
MR2283,2732.5,2599.2,0.8746
MR2284,2377.8,2065.0,0.7933
MR2285,2950.6,2793.9,0.8402
MR2286,5023.8,4240.2,0.9323
MR2288,6917.9,5723.7,0.851
MR2289,5564.4,4609.4,0.8645
MR2290,6282.3,5550.1,0.9443
MR2291,5345.7,4690.8,0.8864
MR2292,4388.8,3743.5,0.9449
MR2293,5766.3,5272.2,0.8926
MR2294,3685.0,3341.4,0.8559
MR2295,6940.8,5899.6,0.9094
MR2296,3469.1,3098.1,0.831
MR2297,3722.9,3434.5,0.9267
MR2298,3830.7,3205.8,0.7946
MR2299,2286.8,1971.6,0.8224
MR2300,3890.6,3307.8,0.8717
MR2301,4134.3,3518.7,0.7915
MR2302,7154.0,6289.2,0.8721
MR2303,6402.4,5748.7,0.8414
MR2304,5086.6,4286.0,0.9397
MR2305,7596.2,6234.7,0.8955
MR2306,5643.3,5221.7,0.8981
MR2307,3901.9,3621.8,0.854
MR2308,4106.2,3608.2,0.9495
MR2309,3112.1,2572.9,0.9109
MR2310,4641.9,4338.6,0.9379
MR2311,2184.1,1844.7,0.9032
MR2312,2448.1,2318.7,0.8239
MR2313,3790.0,3107.4,0.8691
MR2314,6514.5,5380.9,0.8162
MR2315,2478.4,2163.4,0.9344
MR2317,10086.6,8383.2,0.9088
MR2318,1885.4,1714.6,0.885
MR2319,2362.7,1918.0,0.9227
MR2320,1541.7,1423.7,0.941
MR2321,6791.1,5496.6,0.8067
MR2322,2963.0,2432.9,0.784
MR2323,5304.6,4397.4,0.9213
MR2324,8428.1,7729.3,0.8726
MR2326,7550.5,6849.8,0.9096
MR2327,6152.8,5112.2,0.9323
MR2328,13060.6,11163.7,0.9455
MR2329,11978.7,10386.3,0.9433
MR2330,9408.0,8530.5,0.9228
MR2331,9623.4,8375.0,0.9193
MR2332,9816.1,9084.7,0.7981
MR2333,3120.3,2958.5,0.8324
MR2334,10281.4,9037.2,0.8732
MR2335,8587.2,7593.1,0.8063
MR2336,5006.9,4476.0,0.9422
MR2337,6407.2,5762.6,0.8866
MR2338,6477.2,5982.2,0.9395
MR2339,6521.0,5925.5,0.8284
MR2340,12898.5,11330.9,0.9369
MR2341,7096.6,6484.0,0.8566
MR2342,6289.1,5656.7,0.7803
MR2343,3151.5,2938.8,0.7852
MR2344,3010.9,2580.5,0.932
MR2345,1410.4,1207.1,0.8085
MR2346,2526.7,2274.4,0.8755
MR2347,6287.0,5043.5,0.9498
MR2348,6873.1,5855.0,0.9317
MR2349,7792.9,7165.0,0.9306
MR2350,11349.9,9127.5,0.8655
MR2351,1351.7,1282.8,0.7808
MR2352,1775.6,1515.5,0.8357
MR2353,1714.6,1538.1,0.8459
MR2354,2439.1,2161.8,0.8253
MR2355,2287.3,2013.1,0.9337
MR2356,4605.4,3783.6,0.9335
MR2357,3234.1,2840.4,0.8241
MR2358,4699.6,3876.5,0.7808
MR2359,11413.2,10519.1,0.9225
MR2360,5093.9,4338.5,0.8889
MR2361,4542.2,4021.4,0.8852
MR2362,7398.2,5978.6,0.895
MR2363,6511.9,5380.7,0.9446
MR2364,8183.0,6571.1,0.9081
MR2365,4985.4,4403.9,0.7934
MR2366,5320.4,4823.6,0.8707
MR2367,6265.0,5083.5,0.9009
MR2368,5991.2,5266.1,0.829
MR2369,2082.5,1886.2,0.8187
MR2370,9579.6,8249.1,0.8016
MR2371,7124.6,6780.6,0.8461
MR2372,4537.4,4198.4,0.8435
MR2373,7377.4,6598.6,0.8721
MR2374,8009.8,6755.0,0.8103
MR2375,4531.6,3696.1,0.9
MR2376,7173.2,5985.7,0.879
MR2377,3408.6,3217.8,0.8269
MR2378,3666.9,3467.7,0.8627
MR2379,7267.8,6159.7,0.79
MR2380,8363.8,7402.6,0.9204
MR2381,8516.5,7301.0,0.8966
MR2382,6912.6,6230.1,0.8647
MR2383,7793.2,6256.2,0.7972
MR2384,6112.9,5052.4,0.8969
MR2385,7064.7,6356.4,0.9159
MR2386,7261.5,6648.7,0.8521
MR2387,5975.2,4893.5,0.8358
MR2388,3743.6,3157.7,0.9289
MR2389,8099.5,7264.0,0.9304
MR2390,7966.7,7218.0,0.9157
MR2391,4556.7,4027.5,0.9384
MR2392,2211.1,1904.7,0.923
MR2393,6568.3,5902.6,0.8413
MR2394,3219.3,2985.8,0.8251
MR2395,2182.3,1758.0,0.8873
MR2396,3202.2,2618.9,0.8251
MR2397,3135.1,2610.9,0.9163
MR2398,6641.5,5588.8,0.92
MR2399,4905.9,4531.5,0.8733
MR2400,7599.3,7162.9,0.9499
MR2401,7958.0,6606.7,0.8431
MR2402,4028.3,3671.0,0.8194
MR2403,8129.1,7628.9,0.7925
MR2404,2982.4,2766.3,0.7929
MR2405,2761.0,2572.7,0.8155
MR2407,10608.9,9237.5,0.9072
MR2408,5827.7,5332.1,0.8721
MR2409,2682.6,2341.6,0.9295
MR2410,8031.4,6899.0,0.8433
MR2411,6596.4,5722.8,0.9407
MR2412,2979.1,2813.8,0.814
MR2413,1973.6,1775.2,0.833
MR2414,2920.3,2540.5,0.8357
MR2415,3217.2,2904.9,0.9177
MR2416,3849.0,3410.0,0.8065
MR2417,6837.7,5866.3,0.7985
MR2418,5099.2,4082.0,0.9012
MR2419,4398.9,3793.4,0.7962
MR2420,6410.4,6049.5,0.8707
MR2421,9381.7,8282.2,0.921
MR2422,4165.4,3826.5,0.7877
MR2423,4643.4,4016.9,0.7927
MR2424,6945.9,5719.2,0.8355
MR2425,8962.8,8248.8,0.9266
MR2426,10192.9,9523.0,0.9103
MR2427,5443.6,4498.3,0.806
MR2428,5069.4,4699.2,0.807
MR2429,5943.2,5577.4,0.7919
MR2430,4553.4,4233.6,0.8732
MR2431,6134.8,5271.6,0.8104
MR2432,8911.7,7883.1,0.9121
MR2433,5786.2,5422.2,0.8799
MR2434,3931.4,3506.0,0.7999
MR2435,7993.4,7354.3,0.9219
MR2436,7622.5,6448.7,0.9207
MR2437,14050.9,11646.1,0.9066
MR2438,7360.0,6618.2,0.8068
MR2439,10350.4,8352.5,0.9137
MR2440,8190.2,7289.8,0.9011
MR2441,10315.5,8454.4,0.9135
MR2442,5848.7,5426.5,0.8111
MR2443,6331.0,5797.3,0.8471
MR2444,2519.7,2154.6,0.9372
MR2445,10229.7,8438.0,0.8903
MR2446,8898.2,7836.0,0.8997
MR2447,9865.5,8727.4,0.8798
MR2448,4041.0,3271.4,0.8674
MR2449,6249.0,5144.9,0.8264
MR2450,4842.6,3971.8,0.9364
MR2451,7208.5,5811.6,0.9205
MR2452,5888.8,4850.3,0.9118
MR2453,4514.0,3633.5,0.9091
MR2454,2647.7,2408.7,0.8135
MR2455,3131.6,2542.9,0.8104
MR2456,5392.1,4318.8,0.8339
MR2457,10380.5,9471.3,0.8995
MR2458,10497.8,8434.6,0.8613
MR2459,5127.5,4870.9,0.8678
MR2460,3550.2,3168.6,0.8941
MR2461,9412.1,7782.0,0.8156
MR2462,10341.4,8949.9,0.9341
MR2463,9451.9,7745.0,0.8348
MR2464,6619.7,5321.1,0.7974
MR2465,7314.6,6811.6,0.863
MR2466,11915.4,9695.5,0.9314
MR2467,10742.6,9570.0,0.9203
MR2468,3993.9,3258.1,0.808
MR2469,4839.3,4557.6,0.8482
MR2470,9082.6,7400.8,0.8753
MR2471,11878.5,10117.4,0.8896
MR2472,6109.5,4991.5,0.8911
MR2473,3614.9,2985.1,0.8962
MR2474,4178.5,3735.8,0.9243
MR2475,6112.5,5308.1,0.9387
MR2476,9440.9,8139.1,0.8509
MR2477,7944.3,6460.7,0.8707
MR2478,5999.9,5341.4,0.9238
MR2479,3216.9,2751.1,0.8274
MR2480,4397.8,3923.1,0.9143
MR2481,5149.6,4692.8,0.9001
MR2482,6497.6,5601.6,0.7853
MR2483,8048.1,6855.2,0.7964
MR2484,3224.0,3065.3,0.9245
MR2485,7498.5,6337.2,0.9178
MR2486,8807.8,7727.0,0.847
MR2487,4188.6,3630.2,0.9339
MR2488,6959.8,6435.9,0.8994
MR2489,5792.9,4870.7,0.9208
MR2490,12225.4,10128.8,0.9006
MR2491,7285.0,6755.6,0.8492
MR2492,5050.5,4077.4,0.8434
MR2493,6073.3,5617.6,0.9342
MR2494,5119.4,4796.4,0.9184
MR2495,6020.0,5174.6,0.7985
MR2496,4502.2,3656.6,0.8185
MR2497,12807.8,10815.3,0.8594
MR2498,10954.7,9309.6,0.8572
MR2499,6187.1,5420.6,0.9006
MR2500,8022.0,6736.4,0.8975
MR2501,8881.5,7280.1,0.7872
MR2502,11574.4,9420.5,0.8974
MR2503,3264.4,2681.0,0.893
MR2504,2276.0,1901.2,0.8683
MR2505,3146.9,2597.6,0.94
MR2506,3077.7,2598.2,0.8984
MR2507,12153.4,10956.2,0.9371
MR2508,10631.1,9716.3,0.8366
MR2509,7998.5,7588.7,0.7875
MR2510,12803.1,10579.8,0.7855
MR2511,10480.6,9595.7,0.8513
MR2512,2654.3,2331.2,0.8666
MR2513,2885.5,2515.4,0.8001
MR2514,10632.7,9094.1,0.8309
MR2515,7741.2,6496.5,0.8567
MR2516,3805.5,3208.6,0.884
MR2517,6489.6,5964.4,0.8534
MR2518,3491.1,3287.5,0.908
MR2519,6083.2,5493.1,0.8387
MR2520,7670.9,6967.2,0.8407
MR2521,6551.2,6168.4,0.8974
MR2522,2959.3,2569.4,0.8079
MR2523,4733.4,3907.4,0.7936
MR2524,4146.8,3507.6,0.8078
MR2525,2192.1,1813.0,0.7933
MR2526,3271.2,2806.9,0.9024
MR2527,2223.7,2025.8,0.8545
MR2528,3201.5,2642.2,0.8813
MR2529,2264.0,1920.0,0.9499
MR2530,3024.3,2670.5,0.8202
MR2531,3440.2,2830.2,0.9429
MR2532,3620.6,3126.6,0.8332
MR2533,2819.0,2533.7,0.7915
MR2534,4153.8,3617.4,0.894
MR2535,9737.9,8127.7,0.7817
MR2536,6917.4,6218.0,0.8721
MR2537,12785.0,10711.3,0.8197
MR2538,5181.2,4788.5,0.9256
MR2539,4487.4,3786.7,0.8316
MR2540,4330.7,3722.3,0.9182
MR2541,10170.2,9163.7,0.7819
MR2542,12479.1,10870.5,0.7988
MR2543,11682.8,9573.9,0.8038
MR2544,10381.3,8515.5,0.852
MR2545,4054.2,3477.1,0.8762
MR2546,7898.8,7004.9,0.9178
MR2547,3203.2,2601.3,0.822
MR2548,5588.7,4873.1,0.8223
MR2549,7986.7,7179.5,0.8016
MR2550,6794.3,6436.6,0.8175
MR2551,9299.0,8543.2,0.7814
MR2552,5616.8,4958.2,0.9359
MR2553,7353.5,6001.8,0.9216
MR2554,1249.5,1180.4,0.8872
MR2555,3429.1,2763.7,0.9275
MR2556,3150.0,2771.5,0.9445
MR2557,2617.7,2255.7,0.9147
MR2558,3072.9,2505.9,0.8147
MR2560,5782.1,4938.6,0.8175
MR2561,9886.4,8408.1,0.8596
MR2562,9052.3,8137.1,0.9357
MR2563,8232.5,7311.3,0.943
MR2564,6965.4,5787.4,0.8524
MR2565,4047.0,3756.1,0.8282
MR2566,6190.9,5198.0,0.947
MR2567,7128.5,6742.8,0.8335
MR2568,8191.9,6751.2,0.8006
MR2569,5318.9,4316.6,0.8801
MR2570,4583.6,4096.0,0.8175
MR2571,2873.6,2626.3,0.8201
MR2572,5295.3,4444.7,0.8335
MR2573,3152.8,2585.5,0.9203
MR2574,4712.4,4070.8,0.9149
MR2575,11043.7,9539.8,0.7984
MR2576,10319.5,9232.1,0.9423
MR2577,4947.8,4545.8,0.883
MR2578,8567.6,6968.6,0.872
MR2579,6181.7,5744.7,0.8399
MR2580,8670.3,7734.3,0.8811
MR2582,10116.1,9007.1,0.782
MR2583,8533.9,7387.3,0.7906
MR2584,7791.5,7325.9,0.8896
MR2585,6924.4,6106.2,0.938
MR2586,5329.2,4420.9,0.9325
MR2587,3691.1,3157.2,0.9433
MR2588,4163.3,3851.7,0.9307
MR2589,8588.6,7143.6,0.89
MR2590,7516.4,6068.4,0.8504
MR2591,4498.5,4238.1,0.8046
MR2592,4637.6,3776.1,0.8403
MR2594,4063.7,3676.1,0.8103
MR2595,3114.0,2935.1,0.9267
MR2596,5891.7,5235.1,0.95
MR2597,2539.9,2340.3,0.8614
MR2598,3020.7,2819.9,0.9375
MR2599,3883.3,3596.8,0.8052
MR2600,4325.3,3871.1,0.8554
MR2601,7026.4,6523.0,0.9163
MR2602,3241.7,2851.1,0.9014
MR2603,1914.9,1724.0,0.8476
MR2604,2618.6,2351.4,0.9069
MR2605,2545.6,2303.0,0.9146
MR2606,4634.1,3721.0,0.8628
MR2607,3588.7,3111.1,0.8742
MR2608,2679.4,2354.2,0.8962
MR2609,3908.4,3694.0,0.8715
MR2610,2770.6,2260.5,0.838
MR2611,7772.8,6490.3,0.8544
MR2612,7110.2,6293.6,0.8791
MR2613,5022.8,4020.0,0.8678
MR2614,8444.2,7311.1,0.8302
MR2615,3729.5,3029.4,0.9149
MR2616,7117.4,6670.9,0.9194
MR2617,4542.2,3942.0,0.8026
MR2618,7712.1,6553.5,0.9488
MR2619,4631.9,4082.4,0.9431
MR2620,6270.4,5919.0,0.8918
MR2621,12325.3,10293.8,0.8137
MR2622,10011.8,9382.4,0.8528
MR2623,11259.0,9606.9,0.849
MR2624,8608.3,7621.0,0.9133
MR2625,6145.2,5743.8,0.8764
MR2626,5972.1,5661.0,0.9357
MR2627,9082.4,8290.3,0.8091
MR2628,4792.8,3997.1,0.9232
MR2629,4028.7,3513.4,0.8733
MR2630,8894.3,7696.0,0.9129
MR2631,9375.8,7605.2,0.8383
MR2632,7726.9,6727.4,0.8262
MR2633,5532.5,4605.4,0.8863
MR2634,9702.8,8770.6,0.8001
MR2635,4896.1,3968.6,0.7955
MR2636,10017.7,8372.5,0.931
MR2637,7145.0,6652.7,0.7914
MR2638,6750.0,6290.6,0.8277
MR2639,8185.2,7286.2,0.8057
MR2640,9350.9,7581.7,0.9385
MR2641,4371.8,3845.3,0.799
MR2642,5615.0,5220.2,0.8495
MR2643,7755.1,7103.5,0.9318
MR2644,7394.4,6809.2,0.8535
MR2645,9311.8,7544.8,0.8587
MR2646,9835.6,9046.2,0.8207
MR2647,4794.0,3901.9,0.8435
MR2648,4625.2,4038.5,0.7882
MR2649,5903.4,5329.3,0.9094
MR2650,9980.4,8919.2,0.9216
MR2651,2165.0,1862.3,0.8019
MR2652,2441.6,1999.2,0.8234
MR2653,2360.1,1959.4,0.917
MR2654,8688.1,7752.0,0.8839
MR2655,6310.1,5247.0,0.882
MR2656,1942.1,1710.6,0.8841
MR2657,1382.1,1237.8,0.857
MR2658,2935.7,2524.6,0.8441
MR2659,1312.9,1163.7,0.9276
MR2660,7388.8,6695.7,0.8511
MR2661,6468.8,5788.9,0.8119
MR2662,2481.0,2039.6,0.8466
MR2663,4004.1,3364.2,0.7994
MR2664,2977.5,2492.2,0.781
MR2665,2534.9,2329.1,0.8205
MR2666,3252.9,2861.1,0.8247
MR2667,2248.4,2074.1,0.8502
MR2668,3521.5,3321.1,0.9421
MR2669,2721.5,2548.6,0.849
MR2671,7350.8,6633.5,0.7938
MR2672,8175.7,7032.2,0.8278
MR2673,3918.2,3530.9,0.8477
MR2674,11844.5,9515.3,0.8191
MR2675,8182.4,6652.3,0.8044
MR2676,10361.4,8799.9,0.9483
MR2677,7864.6,6932.3,0.7878
MR2678,9128.2,8674.5,0.8178
MR2679,7029.9,6530.3,0.9343
MR2680,4310.4,4096.1,0.9193
MR2681,5696.7,4651.4,0.8466
MR2682,4911.4,4255.4,0.9197
MR2683,1902.8,1631.1,0.8171
MR2684,3740.2,3040.6,0.7986
MR2685,8865.1,7432.7,0.8826
MR2686,2569.2,2367.6,0.8107
MR2687,5585.6,4655.1,0.8082
MR2688,9866.6,8106.4,0.9024
MR2689,4958.4,4194.1,0.9244
MR2690,5579.9,4787.2,0.8235
MR2691,2929.4,2744.5,0.9062
MR2692,3491.7,3253.2,0.8379
MR2693,4813.4,4206.1,0.9272
MR2694,7520.7,6596.7,0.8416
MR2695,4392.3,3555.5,0.9378
MR2696,6593.1,6268.7,0.8545
MR2697,3574.2,3181.2,0.8119
MR2698,6310.2,5759.2,0.9193
MR2699,3863.0,3577.6,0.859
MR2700,3355.2,2980.2,0.874
MR2701,3459.5,2879.2,0.9347
MR2702,5992.8,5361.7,0.8397
MR2703,8285.6,6953.1,0.9112
MR2704,3660.4,2977.8,0.8352
MR2705,4178.5,3733.5,0.7874
MR2706,3112.0,2806.3,0.7822
MR2707,2806.2,2248.9,0.8949
MR2708,1858.7,1546.2,0.8078
MR2709,3608.0,3130.0,0.7878
MR2710,11845.3,9968.2,0.8516
MR2711,7131.4,6348.3,0.8521
MR2712,9168.9,7494.7,0.8201
MR2713,11295.1,9240.1,0.8266
MR2715,1846.9,1532.3,0.9467
MR2716,4921.3,4284.9,0.9479
MR2717,8100.8,7147.4,0.8487
MR2718,9344.9,8521.9,0.8529
MR2719,3582.7,3181.5,0.8617
MR2720,5764.7,4834.5,0.941
MR2721,3904.1,3517.0,0.9198
MR2722,5899.3,5416.3,0.942
MR2723,3628.6,3096.3,0.9037
MR2724,8514.0,7182.6,0.8184
MR2725,6368.9,5873.1,0.8639
MR2726,3305.8,2702.6,0.8047
MR2727,3841.2,3182.3,0.7916
MR2728,6686.2,6351.5,0.8104
MR2729,3709.9,3116.3,0.8232
MR2730,1602.9,1316.0,0.8578
MR2731,4046.7,3845.0,0.8928
MR2732,8921.4,8406.4,0.8728
MR2733,8626.7,7256.5,0.8208
MR2734,11294.9,9333.9,0.885
MR2735,8693.6,7142.5,0.847
MR2736,10966.6,9462.6,0.9173
MR2737,10464.7,9018.3,0.7839
MR2738,10942.0,8972.3,0.8555
MR2739,7073.1,5728.1,0.8175
MR2740,6400.3,5314.9,0.9495
MR2741,4402.3,3527.9,0.9036
MR2742,4469.3,3648.4,0.8099
MR2743,5042.3,4779.2,0.7895
MR2744,3456.6,2788.7,0.815
MR2745,8013.8,6884.9,0.9247
MR2746,6328.8,5330.2,0.9387
MR2747,10816.6,8764.8,0.7998
MR2748,7315.4,6049.8,0.7844
MR2749,8764.2,7642.6,0.7989
MR2750,5116.6,4610.7,0.816
MR2751,9040.4,8135.5,0.9232
MR2752,7490.3,7019.9,0.8381
MR2753,7226.3,6304.4,0.9405
MR2754,6934.6,6467.1,0.8144
MR2755,6475.1,5267.6,0.9065
MR2756,7540.9,6033.1,0.7902
MR2757,6255.0,5446.3,0.9253
MR2758,4151.7,3930.9,0.9451
MR2759,9259.7,8077.7,0.813
MR2760,10211.2,8554.0,0.814
MR2761,9378.6,8595.9,0.8039
MR2762,3462.9,3088.7,0.8875
MR2763,9048.5,7839.2,0.793
MR2764,4856.7,4397.1,0.8495
MR2765,8304.7,7413.2,0.8483
MR2766,10227.6,8446.3,0.8389
MR2767,12297.1,10426.7,0.8032
MR2768,8312.0,7495.8,0.9105
MR2769,11926.0,10257.9,0.7939
MR2770,3219.9,2601.4,0.916
MR2771,7130.1,6576.0,0.8138
MR2772,10219.7,8957.5,0.7978
MR2773,4398.2,3544.3,0.8534
MR2774,10191.4,8443.1,0.798
MR2775,7216.7,6358.6,0.9174
MR2776,5320.2,5016.6,0.9351
MR2777,5749.3,5242.9,0.8144
MR2778,7711.1,6977.7,0.9029
MR2779,4181.6,3732.4,0.9447
MR2780,4014.3,3394.3,0.8251
MR2781,2866.4,2583.1,0.9402
MR2782,5945.4,5091.8,0.9413
MR2783,5184.7,4256.5,0.9179
MR2784,5532.3,5005.3,0.9106
MR2785,6050.5,4924.6,0.7812
MR2787,2918.7,2574.7,0.8905
MR2788,3559.1,3129.5,0.8136
MR2789,1354.7,1286.7,0.9451
MR2790,2473.5,2227.4,0.7954
MR2791,844.9,777.2,0.8896
MR2793,2330.2,2111.4,0.8228
MR2794,3381.4,3045.9,0.9209
MR2795,3061.9,2485.7,0.8543
MR2796,6172.9,5201.1,0.8821
MR2797,8688.9,7682.3,0.9098
MR2798,9186.8,8281.4,0.865
MR2799,9133.2,7863.3,0.8186
MR2800,11964.7,9949.6,0.9261
MR2801,2367.4,2246.9,0.9079
MR2802,4884.6,4617.6,0.8586
MR2803,10804.3,9131.8,0.9288
MR2804,7801.3,6574.3,0.8926
MR2805,10012.8,8060.1,0.8655
MR2806,11639.3,10465.3,0.9127
MR2807,2997.6,2840.8,0.8457
MR2808,4347.0,3502.3,0.7824
MR2809,4123.2,3577.7,0.831
MR2810,7827.4,6342.8,0.7882
MR2811,11470.3,9743.8,0.8356
MR2812,4793.8,4418.2,0.9307
MR2813,3987.0,3449.1,0.9432
MR2814,8436.4,7140.5,0.8372
MR2815,10792.3,9095.6,0.869
MR2816,3485.4,3104.6,0.8892
MR2817,5794.0,4646.3,0.8115
MR2818,6526.6,5707.5,0.8659
MR2819,7300.7,6177.7,0.8966
MR2820,7646.9,6395.3,0.8194
MR2821,7884.1,6590.4,0.7854
MR2822,7920.5,7274.8,0.7904
MR2823,3626.5,3270.8,0.8919
MR2824,10499.9,9203.6,0.7885
MR2825,9588.6,8102.4,0.9363
MR2826,5111.4,4828.7,0.9366
MR2827,4005.6,3246.2,0.9126
MR2828,12372.9,9942.3,0.7848
MR2829,9865.2,8083.1,0.9408
MR2830,4001.9,3231.6,0.8371
MR2831,7053.1,6346.8,0.7908
MR2832,4608.0,4324.8,0.849
MR2833,4697.4,3804.8,0.8502
MR2834,3281.4,3027.3,0.9195
MR2835,12448.6,10928.1,0.9437
MR2836,9419.3,7732.7,0.927
MR2837,7822.2,7377.0,0.797
MR2838,4262.5,3864.0,0.7889
MR2839,2981.6,2612.0,0.8278
MR2840,5564.0,4660.4,0.8667
MR2841,6216.4,5668.4,0.8237
MR2842,6636.0,5556.9,0.886
MR2843,3576.0,3066.6,0.8506
MR2844,4819.8,4143.7,0.8698
MR2845,3452.8,3011.2,0.8918
MR2846,2913.5,2488.7,0.8657
MR2847,1996.0,1804.9,0.7974
MR2848,2851.9,2441.2,0.8314
MR2849,3466.7,3107.1,0.9479
MR2850,2641.5,2457.8,0.8915
MR2851,6353.6,5772.2,0.8379
MR2852,7415.8,6535.3,0.8591
MR2853,5113.5,4579.1,0.9121
MR2854,8238.5,6804.8,0.8395
MR2855,7459.8,6661.3,0.9454
MR2856,4476.2,3596.3,0.8378
MR2857,11286.4,9928.2,0.8779
MR2858,11293.3,9802.1,0.8775
MR2859,4966.4,4620.6,0.8433
MR2860,7693.6,6459.4,0.8583
MR2861,5532.2,4661.5,0.9147
MR2862,10082.0,8654.8,0.8925
MR2863,9899.4,8229.9,0.791
MR2864,3523.3,2864.3,0.786
MR2865,5352.6,4352.0,0.865
MR2866,6107.4,4897.2,0.8266
MR2867,5890.6,5353.9,0.8359
MR2868,2959.8,2534.1,0.8159
MR2869,4681.4,3961.2,0.7827
MR2870,2779.1,2323.4,0.785
MR2871,3767.8,3016.2,0.9229
MR2872,13327.9,10852.0,0.8317
MR2873,4663.6,3793.8,0.8986
MR2874,6660.5,5774.6,0.8909
MR2875,4738.1,3916.1,0.855
MR2876,9116.2,7478.8,0.921
MR2877,6530.4,5377.7,0.8982
MR2878,2993.0,2549.9,0.8876
MR2879,9339.9,7538.8,0.9101
MR2880,7792.6,6248.6,0.8686
MR2881,10510.3,9323.8,0.933
MR2882,9475.6,8048.1,0.8434
MR2883,6123.9,5728.5,0.8546
MR2884,5640.9,4577.8,0.8664
MR2885,9496.4,7643.8,0.8987
MR2886,7561.5,6918.8,0.8287
MR2887,8699.0,7662.1,0.924
MR2888,7064.0,6676.3,0.7947
MR2889,6296.3,5109.1,0.9272
MR2890,4192.5,3696.0,0.9007
MR2891,4553.8,4110.1,0.8543
MR2892,10133.3,8842.1,0.7932
MR2893,5737.6,4645.9,0.8659
MR2894,8706.8,8048.2,0.8589
MR2895,11630.1,9746.0,0.8871
MR2896,9127.7,8398.6,0.912
MR2897,7749.6,7214.8,0.883
MR2898,3455.6,3154.8,0.812
MR2899,3590.6,3199.2,0.899
MR2900,6114.2,5293.6,0.862
MR2901,3226.1,3001.4,0.8066
MR2902,5442.7,4629.5,0.9131
MR2903,1616.1,1365.9,0.815
MR2904,1383.5,1279.8,0.8484
MR2905,1859.4,1727.5,0.8271
MR2906,872.1,748.4,0.8281
MR2907,2905.9,2392.9,0.8822
MR2908,2817.8,2279.5,0.8574
MR2909,11290.3,9093.1,0.8326
MR2911,13388.4,11089.7,0.7813
MR2912,3150.4,2530.6,0.9399
MR2913,3671.2,3213.8,0.8575
MR2914,6949.7,6411.2,0.7921
MR2915,11087.5,9310.1,0.8613
MR2916,4778.2,4495.0,0.9322
MR2917,7646.7,6932.7,0.8922
MR2918,8793.0,7119.5,0.9225
MR2919,2000.9,1749.3,0.8918
MR2920,2450.1,1966.0,0.8571
MR2921,6232.7,5116.2,0.8346
MR2922,5074.5,4674.9,0.9199
MR2923,5032.6,4242.6,0.9356
MR2924,4091.2,3624.1,0.9492
MR2925,5505.0,5155.9,0.8867
MR2926,8016.6,7436.7,0.8597
MR2927,8910.6,8102.2,0.8192
MR2928,5829.6,5153.4,0.7825
MR2929,10797.0,8847.1,0.8508
MR2930,6958.7,6397.3,0.7936
MR2931,9602.3,8017.2,0.7839
MR2932,7526.4,6205.0,0.8227
MR2933,4549.3,3737.7,0.837
MR2934,11314.9,9185.6,0.8602
MR2935,3170.3,3004.9,0.7961
MR2936,2523.6,2299.6,0.8886
MR2937,5058.6,4655.3,0.8246
MR2938,4002.0,3234.9,0.9009
MR2939,6315.9,5947.0,0.8817
MR2940,6829.0,5907.7,0.9082
MR2941,6361.2,5182.2,0.9416
MR2942,4113.1,3465.9,0.8212
MR2943,4042.2,3331.5,0.8971
MR2944,3046.5,2656.1,0.9018
MR2945,5540.1,4955.3,0.8843
MR2946,7572.1,6539.9,0.8012
MR2947,3153.6,2773.6,0.9171
MR2948,4422.8,3835.6,0.8343
MR2949,3952.7,3601.3,0.884
MR2950,3285.4,2892.9,0.8844
MR2951,4824.0,4497.5,0.814
MR2952,6108.0,5610.7,0.8227
MR2953,9489.8,8897.2,0.8438
MR2954,8390.8,7014.4,0.8696
MR2955,7596.2,7180.2,0.8494
MR2956,1886.4,1625.2,0.9175
MR2957,3412.3,2768.8,0.9448
MR2958,1444.1,1294.4,0.9441
MR2959,4205.5,3579.2,0.9322
MR2960,5618.1,4954.8,0.8821
MR2961,3894.3,3380.4,0.8137
MR2962,5320.4,4443.8,0.8009
MR2963,2628.7,2199.7,0.8123
MR2964,4090.6,3647.9,0.7898
MR2965,1499.0,1400.4,0.824
MR2966,3078.0,2863.9,0.7857
MR2967,3619.8,3143.1,0.8958
MR2968,1607.6,1374.0,0.8312
MR2969,1338.7,1190.9,0.8209
MR2970,3574.2,2909.1,0.8433
MR2971,4263.1,3972.1,0.9292
MR2972,3573.8,3291.3,0.9146
MR2973,5035.2,4357.7,0.9213
MR2974,7197.1,6597.6,0.9019
MR2975,8742.9,8228.1,0.7958
MR2976,3919.2,3306.8,0.9
MR2977,4767.1,4060.9,0.8011
MR2979,7282.7,6434.4,0.8097
MR2980,11893.6,9856.3,0.8376
MR2981,2892.5,2340.8,0.8455
MR2982,4070.1,3716.5,0.7867
MR2983,4467.8,3727.3,0.9199
MR2984,3589.3,3267.4,0.8064
MR2985,4176.3,3764.2,0.8347
MR2986,3694.4,3331.2,0.8908
MR2987,4397.4,3571.8,0.8489
MR2988,8616.4,6965.1,0.8085
MR2989,4850.0,4032.9,0.9328
MR2990,6035.7,5330.0,0.793
MR2991,5485.2,4835.7,0.9489
MR2992,4574.4,3698.9,0.9312
MR2993,1975.9,1607.9,0.8056
MR2994,3917.1,3328.9,0.8774
MR2995,1957.8,1701.1,0.9021
MR2996,2051.8,1685.9,0.7842
MR2997,2293.1,1875.0,0.8137
MR2998,2950.2,2415.8,0.8164
MR2999,5492.8,4926.1,0.849
MR3000,3927.2,3525.2,0.8388
MR3001,8708.7,7829.8,0.91
MR3002,5797.4,5095.2,0.8354
MR3003,5377.3,4641.2,0.8529
MR3004,4939.7,4497.5,0.794
MR3005,3215.4,2880.1,0.909
MR3006,3268.4,2649.4,0.8437
MR3007,2725.3,2269.9,0.9172
MR3008,6902.2,6389.1,0.8801
MR3009,7831.2,6460.5,0.8612
MR3010,7409.0,6795.6,0.8169
MR3011,12406.2,11287.7,0.9434
MR3012,4429.9,3599.4,0.9417
MR3013,12841.2,10288.6,0.8383
MR3015,3349.5,2734.1,0.9493
MR3016,9120.3,8594.2,0.8793
MR3017,11531.3,10041.3,0.9331
MR3018,4131.1,3538.4,0.9126
MR3019,8520.1,7502.5,0.7814
MR3020,7424.4,6239.2,0.8206
MR3021,9696.2,7931.8,0.903
MR3022,8951.6,7882.3,0.8709
MR3023,8887.4,7956.2,0.805
MR3024,7657.8,6846.9,0.8824
MR3025,3089.7,2865.5,0.8143
MR3026,3101.2,2680.8,0.9052
MR3027,12017.9,10234.0,0.9441
MR3028,3840.5,3324.9,0.7888
MR3029,11730.2,9863.8,0.8734
MR3030,7622.2,6349.6,0.8134
MR3031,4100.9,3667.1,0.8637
MR3032,4317.9,3547.5,0.8677
MR3033,3897.4,3585.0,0.9439
MR3034,2845.7,2497.2,0.8583
MR3035,4771.3,4064.1,0.8697
MR3036,10371.7,8758.0,0.8191
MR3037,5268.1,4229.2,0.9064
MR3038,13895.9,11928.9,0.8171
MR3039,8115.9,7594.2,0.9117
MR3040,5913.3,5247.5,0.9375
MR3041,2215.8,1837.4,0.8243
MR3042,4218.9,3382.7,0.787
MR3043,2189.3,2065.7,0.896
MR3044,6319.7,5166.9,0.8609
MR3045,6726.5,5708.2,0.9473
MR3047,2772.1,2376.9,0.7962
MR3048,2167.5,2009.7,0.9471
MR3049,2947.0,2437.7,0.9191
MR3050,3761.1,3075.8,0.9344
MR3051,3835.2,3078.8,0.8048
MR3052,6031.2,5345.0,0.8878
MR3053,7129.8,6524.6,0.8376
MR3054,3700.4,3069.4,0.8311
MR3055,4718.1,4263.4,0.9054
MR3056,2336.0,1942.0,0.8729
MR3057,2748.1,2406.3,0.8131
MR3058,3556.3,3303.0,0.8983
MR3059,7465.0,7038.8,0.8501
MR3060,8905.9,7190.0,0.8442
MR3061,10210.0,8541.6,0.9173
MR3062,13524.7,11325.4,0.934
MR3063,10236.0,9209.4,0.8883
MR3064,3658.5,3090.5,0.8883
MR3065,7230.7,6224.0,0.9348
MR3066,7306.2,6494.7,0.8428
MR3067,6939.2,6593.6,0.8689
MR3068,3121.5,2723.3,0.9413
MR3069,2078.3,1916.4,0.8336
MR3070,1510.7,1265.8,0.8992
MR3071,1664.1,1524.5,0.8596
MR3072,7179.4,6794.8,0.8809
MR3073,8006.7,7011.6,0.8114
MR3075,6611.2,5357.2,0.8107
MR3077,3514.3,3170.8,0.9109
MR3078,5275.1,4364.2,0.8131
MR3079,11553.0,10324.1,0.7993
MR3080,7071.2,6264.1,0.7932
MR3081,6071.3,4871.7,0.8106
MR3082,2349.5,1956.0,0.9191
MR3083,2828.9,2614.2,0.8707
MR3084,7151.8,5816.3,0.8599
MR3085,9525.2,7768.3,0.8658
MR3086,9567.0,8927.1,0.7886
MR3087,5557.6,4900.4,0.9478
MR3088,5922.9,4974.8,0.8422
MR3089,10284.0,9572.7,0.8326
MR3090,10209.9,9101.2,0.8329
MR3091,7720.8,6841.1,0.8255
MR3092,6775.2,5545.4,0.902
MR3093,10945.2,10035.0,0.9203
MR3094,8010.5,7040.2,0.8005
MR3095,10304.1,8786.3,0.826
MR3096,6143.2,5674.3,0.8623
MR3097,5508.9,4854.4,0.9139
MR3098,9392.6,7557.7,0.8863
MR3099,3765.4,3429.8,0.946
MR3100,2074.1,1892.9,0.868
MR3101,4965.8,4456.4,0.8653
MR3102,6910.9,5604.1,0.893
MR3103,3436.5,3261.6,0.8125
MR3104,3069.3,2686.6,0.8145
MR3105,8921.6,7201.4,0.8782
MR3106,8981.8,8518.8,0.9475
MR3107,8136.0,7366.3,0.8824
MR3108,6074.5,5512.0,0.7898
MR3109,5764.2,4878.4,0.8714
MR3110,5102.4,4592.3,0.9443
MR3111,8728.4,8218.5,0.9206
MR3112,7728.1,6923.2,0.9157
MR3113,4604.9,3913.3,0.8172
MR3114,2744.5,2548.2,0.9106
MR3115,5391.6,4781.9,0.8791
MR3116,6279.1,5631.7,0.8335
MR3117,5910.5,5475.0,0.93
MR3118,7042.9,6635.5,0.9376
MR3119,9222.7,8350.5,0.9109
MR3120,9866.4,9289.8,0.8777
MR3121,8118.4,7102.0,0.8709
MR3122,9046.7,8060.8,0.7831
MR3123,4857.2,4232.8,0.9465
MR3124,10980.9,8909.1,0.8209
MR3125,4704.0,4474.6,0.7883
MR3126,5665.5,5219.7,0.8132
MR3127,3989.2,3654.4,0.8116
MR3128,4405.3,4039.1,0.8106
MR3129,2826.6,2432.9,0.8372
MR3130,6917.4,6581.7,0.8695
MR3131,7321.3,6807.4,0.8909
MR3132,8366.0,7288.1,0.8155
MR3133,7103.4,6308.1,0.9121
MR3134,8470.8,7095.1,0.9164
MR3135,8852.7,7447.9,0.9179
MR3136,4195.9,3771.3,0.8545
MR3137,10085.2,8747.0,0.9077
MR3138,9699.5,8013.2,0.9241
MR3139,3634.7,2928.3,0.8072
MR3140,6492.0,5484.3,0.9123
MR3141,2007.6,1669.2,0.8782
MR3142,2429.7,2232.2,0.8939
MR3143,1381.6,1206.5,0.9346
MR3144,2065.5,1910.3,0.8808
MR3145,2086.2,1888.9,0.8442
MR3146,6306.0,5936.7,0.8438
MR3148,8533.2,7239.2,0.9316
MR3149,9379.1,7723.7,0.8017
MR3150,8560.5,7613.0,0.8816
MR3151,8627.2,7035.6,0.9095
MR3152,8175.7,7256.7,0.8911
MR3153,5809.2,4839.0,0.9297
MR3154,6386.3,6024.5,0.7883
MR3155,7954.4,6547.7,0.9255
MR3156,10378.3,9752.1,0.8377
MR3157,4348.1,3911.8,0.9272
MR3158,5233.1,4413.7,0.9415
MR3159,4634.5,3974.8,0.8133
MR3160,7841.4,6783.6,0.8949
MR3161,3551.6,3143.4,0.7884
MR3162,3175.7,2723.2,0.7833
MR3163,3265.8,2936.6,0.8725
MR3164,4486.0,4119.4,0.9127
MR3165,2464.8,2184.4,0.7819
MR3166,2648.0,2369.4,0.8669
MR3167,2161.5,1820.7,0.8463
MR3168,2207.0,2059.8,0.949
MR3169,6927.7,6486.3,0.9047
MR3170,4579.9,3857.2,0.8994
MR3171,4710.4,4293.6,0.7886
MR3172,5434.2,5162.0,0.9464
MR3173,5321.3,4507.3,0.8191
MR3174,6869.5,5942.9,0.9286
MR3175,8945.3,7950.6,0.796
MR3176,4948.1,4182.8,0.8123
MR3177,8901.1,8237.0,0.8598
MR3178,6408.1,5291.7,0.858
MR3179,3387.7,3149.5,0.8946
MR3180,4682.5,3776.2,0.8321
MR3181,2577.6,2185.9,0.9112
MR3182,1913.8,1785.8,0.9437
MR3183,1220.3,1150.1,0.9304
MR3184,7583.0,6102.8,0.9012
MR3185,7878.0,7358.5,0.8527
MR3186,12743.8,10631.0,0.7891
MR3187,9701.0,8198.4,0.8352
MR3188,11154.7,9394.9,0.906
MR3189,7436.1,6386.7,0.7962
MR3190,3926.5,3391.6,0.811
MR3191,5102.4,4088.5,0.8347
MR3192,2253.4,2034.0,0.8882
MR3193,6663.3,6295.9,0.9333
MR3194,11710.4,9401.8,0.7854
MR3195,3720.3,3406.7,0.8774
MR3196,5295.0,4299.7,0.8473
MR3197,4324.5,3725.7,0.8157
MR3198,3656.2,3121.3,0.8676
MR3199,4694.8,4105.8,0.864
MR3200,10022.5,8687.0,0.8745
MR3201,6084.0,5226.3,0.9473
MR3202,3847.1,3463.9,0.8318
MR3203,5695.6,4730.6,0.8536
MR3204,7494.7,6993.0,0.8957
MR3205,4969.1,4392.5,0.817
MR3206,3501.7,3117.8,0.9241
MR3207,8750.6,7771.7,0.8131
MR3208,8330.3,6938.7,0.8516
MR3209,4668.9,4339.7,0.8225
MR3211,5584.5,4959.0,0.7802
MR3212,5189.0,4238.7,0.9283
MR3213,4453.1,3870.4,0.9249
MR3214,6064.1,5769.4,0.8609
MR3215,5421.9,5056.1,0.9367
MR3216,10051.8,8412.9,0.8936
MR3217,9932.2,8458.9,0.9187
MR3218,9117.3,7365.8,0.8342
MR3219,5943.7,5251.1,0.887
MR3220,7199.4,6189.3,0.8307
MR3221,3572.3,3344.8,0.8283
MR3222,6440.0,5821.6,0.8121
MR3223,4515.6,3952.0,0.8403
MR3224,2564.8,2366.2,0.8239
MR3225,2158.5,1769.2,0.8104
MR3226,5192.8,4445.8,0.8314
MR3227,5149.0,4229.4,0.8905
MR3228,3973.7,3638.5,0.8233
MR3229,5362.8,4311.1,0.8441
MR3230,9894.8,8624.6,0.7879
MR3231,5197.7,4692.4,0.8562
MR3232,4995.7,4566.9,0.8883
MR3233,5394.0,5066.0,0.8967
MR3234,8598.1,6892.8,0.9279
MR3235,8569.8,7331.7,0.942
MR3236,5146.9,4225.3,0.9305
MR3237,9997.6,9081.8,0.8163
MR3238,12749.5,11320.8,0.8117
MR3239,6500.1,5797.7,0.8751
MR3240,3081.3,2611.5,0.9357
MR3241,3161.5,2853.0,0.926
MR3242,2501.3,2188.8,0.8082
MR3243,3557.5,3247.2,0.8714
MR3244,4886.4,4032.9,0.9426
MR3245,3839.7,3536.6,0.8093
MR3246,3919.1,3259.5,0.8892
MR3247,2519.7,2394.2,0.8787
MR3248,2662.8,2433.9,0.8729
MR3249,3986.9,3772.0,0.7902
MR3250,8698.0,8008.5,0.8427
MR3251,8306.2,6678.0,0.8953
MR3252,6702.9,6296.4,0.9302
MR3253,3846.9,3266.4,0.915
MR3254,3370.0,2856.7,0.8743
MR3255,7674.5,6887.7,0.8829
MR3256,4878.7,4640.2,0.9357
MR3257,5394.4,4502.3,0.8563
MR3258,3697.4,3119.3,0.7962
MR3259,7389.0,6921.9,0.876
MR3260,10055.5,9483.7,0.9072
MR3261,2611.1,2228.3,0.917
MR3262,3621.5,3188.8,0.9151
MR3263,3951.3,3304.0,0.8942
MR3264,2332.1,2104.5,0.8926
MR3265,3054.7,2890.5,0.8244
MR3266,1989.5,1740.9,0.809
MR3267,1725.5,1614.3,0.8557
MR3268,1612.5,1477.9,0.8541
MR3269,2120.8,1721.0,0.8468
MR3270,5518.2,4670.1,0.8196
MR3271,6454.2,5648.3,0.8343
MR3272,5100.0,4774.5,0.7839
MR3273,3057.0,2756.3,0.899
MR3274,11506.0,10608.6,0.7886
MR3275,10563.1,9025.3,0.832
MR3276,3651.5,3121.4,0.9367
MR3277,5793.7,5208.8,0.8856
MR3278,10760.6,9752.5,0.8715
MR3279,10368.3,8774.9,0.8907
MR3280,6483.7,5316.4,0.8363
MR3281,7531.0,6779.6,0.7899
MR3282,11653.9,9549.2,0.9179
MR3283,3758.5,3328.5,0.7911
MR3284,5219.1,4574.0,0.9384
MR3285,5098.8,4473.7,0.9075
MR3286,7896.5,6754.0,0.8787
MR3287,2949.4,2540.1,0.8425
MR3288,4409.1,3909.1,0.9099
MR3289,6652.8,5583.2,0.8205
MR3290,8537.2,8065.0,0.7893
MR3291,8550.2,7175.3,0.8088
MR3292,10682.5,10031.4,0.7994
MR3293,9368.5,8524.0,0.8165
MR3294,6347.5,5597.2,0.8082
MR3295,9357.6,8030.4,0.9474
MR3296,9265.8,7461.3,0.8915
MR3297,11576.8,10030.6,0.8199
MR3298,4126.9,3430.1,0.9311
MR3299,4729.6,3957.3,0.8429
MR3300,3839.9,3591.6,0.8727
MR3301,3786.6,3310.4,0.8721
MR3302,5792.4,4820.7,0.8338
MR3303,10904.3,9732.1,0.8652
MR3304,5437.8,4353.9,0.8829
MR3305,4427.5,3883.3,0.8706
MR3306,9640.2,8952.4,0.808
MR3307,11273.7,9711.0,0.7947
MR3308,6166.1,5746.1,0.896
MR3309,11812.9,11007.7,0.9333
MR3310,5705.9,4879.4,0.8726
MR3311,2523.6,2186.8,0.8396
MR3312,2904.1,2492.0,0.8167
MR3313,1907.4,1648.3,0.9158
MR3314,1577.6,1468.5,0.9074
MR3315,1328.9,1209.3,0.833
MR3316,11082.7,9491.2,0.8807
MR3317,9283.5,8555.0,0.8811
MR3318,4092.4,3454.3,0.8401
MR3319,4468.3,3782.4,0.9208
MR3320,4292.3,3455.7,0.7877
MR3321,4452.0,4116.5,0.7992
MR3322,4687.4,3776.9,0.8274
MR3323,3299.3,3120.0,0.937
MR3324,5984.9,5228.4,0.8349
MR3325,8771.2,8069.2,0.8674
MR3326,5952.1,5018.1,0.927
MR3327,2596.4,2396.2,0.8331
MR3328,4372.5,3993.2,0.782
MR3329,5895.8,5514.8,0.9097
MR3330,9730.9,8152.6,0.8958
MR3331,10919.7,9843.6,0.8372
MR3332,7218.7,5894.7,0.8135
MR3333,3481.5,3208.0,0.9065
MR3334,9205.8,8535.3,0.8975
MR3335,9531.6,8697.2,0.9449
MR3336,6971.5,5628.9,0.9368
MR3337,6887.2,5555.9,0.7882
MR3338,7489.8,7069.1,0.8357
MR3339,6951.5,5774.7,0.7969
MR3340,7449.9,6945.6,0.9246
MR3341,9013.6,7899.5,0.8127
MR3342,4936.7,4328.8,0.8753
MR3343,9589.6,7910.3,0.9401
MR3344,5672.9,4849.5,0.8193
MR3345,12853.6,10737.5,0.8691
MR3346,3490.7,3209.3,0.8425
MR3347,10087.4,8988.2,0.926
MR3348,5560.0,4960.9,0.7855
MR3349,11954.6,10585.4,0.9456
MR3350,3647.3,2994.1,0.8073
MR3351,7228.6,5890.2,0.8804
MR3352,4656.0,4395.5,0.7836
MR3353,6849.3,6454.7,0.7843
MR3354,10093.7,9099.8,0.7815
MR3355,4720.4,3794.9,0.9453
MR3356,6686.5,5857.3,0.8532
MR3357,8344.1,7759.8,0.9221
MR3358,13191.0,11252.1,0.8248
MR3359,8428.5,7975.0,0.8127
MR3360,2391.2,2176.9,0.8599
MR3361,3590.0,3035.3,0.8396
MR3362,2285.5,1939.8,0.8105
MR3363,2141.7,1760.9,0.9188
MR3364,2666.5,2239.1,0.8208
MR3365,3340.4,2707.0,0.9051
MR3366,1744.4,1454.3,0.8977
MR3367,942.9,773.9,0.8328
MR3368,4833.0,4024.1,0.8246
MR3369,4119.9,3886.4,0.88
MR3370,3803.8,3599.5,0.8232
MR3371,4520.0,4157.1,0.8856
MR3372,4186.8,3945.1,0.8979
MR3373,10110.9,8167.6,0.8934
MR3374,8269.3,7597.6,0.8589
MR3375,9662.1,9077.6,0.8958
MR3376,7187.0,5820.2,0.8383
MR3377,4346.9,3630.3,0.8557
MR3378,6493.2,5574.9,0.9187
MR3379,7047.1,5929.9,0.9398
MR3380,3844.5,3222.3,0.9156
MR3381,6600.8,5811.1,0.8949
MR3382,7397.8,6825.7,0.8385
MR3383,6610.8,6107.6,0.9286
MR3384,6286.0,5839.0,0.9232
MR3385,3293.0,2942.5,0.9464
MR3386,8384.2,7628.5,0.9046
MR3387,8415.5,7336.5,0.8434
MR3388,4355.9,3835.6,0.9103
MR3389,5314.2,4463.8,0.8735
MR3390,5133.5,4389.9,0.919
MR3391,5078.4,4622.0,0.8889
MR3392,6942.9,5924.7,0.8862
MR3393,7117.6,6004.0,0.7836
MR3394,5266.5,4461.1,0.8352
MR3395,8756.1,8269.8,0.8889
MR3396,6307.3,5115.6,0.88
MR3397,7425.3,6334.6,0.8546
MR3398,4210.3,3792.9,0.7992
MR3399,8068.3,6609.9,0.8881
MR3400,4504.1,3921.5,0.8266
MR3401,1789.0,1622.6,0.8974
MR3402,3290.3,2640.7,0.8888
MR3403,3542.4,3130.5,0.8938
MR3404,2626.5,2187.2,0.9281
MR3405,2748.4,2609.7,0.8924
MR3406,6361.6,5592.2,0.8963
MR3407,5781.7,4643.7,0.8575
MR3409,7156.9,6069.4,0.9234
MR3410,4810.4,4581.3,0.8585
MR3411,4051.1,3800.0,0.8939
MR3412,2812.4,2483.4,0.8141
MR3413,2760.4,2431.1,0.9255
MR3414,3050.4,2539.0,0.8669
MR3415,1403.0,1165.1,0.9228
MR3416,6293.9,5990.6,0.9213
MR3417,13539.4,12048.0,0.8201
MR3418,9721.1,8979.6,0.7863
MR3419,5386.9,4664.5,0.8299
MR3420,11466.6,9826.7,0.9073
MR3421,11675.4,9482.4,0.8627
MR3422,7319.7,5860.6,0.8398
MR3423,4800.9,4015.5,0.9275
MR3424,5106.0,4184.9,0.8641
MR3425,6651.9,5629.1,0.8413
MR3426,11138.4,10249.3,0.9295
MR3427,7398.7,6768.6,0.8506
MR3428,6490.1,6060.4,0.9378
MR3429,4136.3,3765.3,0.9085
MR3430,3390.0,2866.4,0.8926
MR3431,2920.1,2701.8,0.8918
MR3432,3813.3,3149.6,0.944
MR3433,1889.3,1688.1,0.9315
MR3434,2785.2,2240.5,0.7928
MR3435,3629.6,2905.5,0.8535
MR3436,4313.8,3742.1,0.822
MR3437,8865.3,7665.1,0.9145
MR3438,9399.6,8241.2,0.9365
MR3439,12473.3,10060.3,0.8437
MR3440,7131.8,5893.8,0.8495
MR3441,3688.8,3260.4,0.9188
MR3442,5293.3,4921.4,0.8446
MR3443,7025.2,6237.0,0.8707
MR3444,5164.2,4660.9,0.8633
MR3445,3143.4,2768.8,0.8285
MR3446,7223.6,6173.0,0.8885
MR3447,5952.7,4912.4,0.8865
MR3448,8553.0,7717.2,0.8452
MR3449,7179.3,5884.8,0.7952
MR3450,6022.6,5438.0,0.9023
MR3451,3504.3,2867.6,0.8376
MR3452,5798.7,5072.6,0.8168
MR3453,7519.2,6152.9,0.9354
MR3454,8938.7,7369.2,0.807
MR3455,4520.2,4014.6,0.8394
MR3456,9616.1,8889.1,0.7945
MR3457,10817.3,9144.8,0.8592
MR3458,9973.6,9125.8,0.8152
MR3459,8274.6,7342.2,0.8812
MR3461,4097.6,3725.3,0.9303
MR3462,7593.1,6980.5,0.9065
MR3463,4278.0,3747.1,0.7801
MR3464,1908.0,1638.4,0.9029
MR3465,3428.6,3255.6,0.8247
MR3466,1262.4,1089.2,0.7843
MR3467,3575.9,3123.5,0.873
MR3468,2630.3,2243.3,0.9317
MR3469,7776.1,6598.2,0.8122
MR3470,5005.8,4377.2,0.8994
MR3471,7620.3,6619.8,0.9011
MR3472,10575.2,8730.1,0.9351
MR3473,8879.8,7515.5,0.7977
MR3474,7790.1,6318.0,0.8933
MR3475,6802.8,6395.1,0.8475
MR3476,7222.1,6298.6,0.8608
MR3477,5868.8,5400.4,0.9244
MR3478,5587.6,5278.9,0.9451
MR3479,4832.3,4006.2,0.7805
MR3480,7806.9,7283.8,0.7948
MR3481,4316.7,3505.1,0.8271
MR3482,4548.5,4139.2,0.7953
MR3483,6875.3,5557.0,0.8803
MR3484,3288.0,2736.5,0.8782
MR3485,7707.6,6503.9,0.8651
MR3486,8243.9,7045.1,0.9083
MR3487,6876.4,6226.8,0.9087
MR3488,11606.5,9961.6,0.8066
MR3489,3500.6,3062.2,0.855
MR3490,5301.4,4657.1,0.7819
MR3491,5783.2,5236.7,0.8057
MR3492,11502.2,9263.9,0.8164
MR3493,4636.7,3919.1,0.8712
MR3494,3887.5,3440.6,0.9177
MR3495,8337.0,7911.5,0.8988
MR3496,3270.6,2948.9,0.8884
MR3497,1811.6,1725.0,0.9296
MR3498,3936.5,3181.9,0.8583
MR3499,7035.2,5697.8,0.8413
MR3500,5220.0,4602.4,0.8431
MR3501,8533.2,7837.8,0.8985
MR3502,4728.3,3957.4,0.8534
MR3503,9608.8,9029.4,0.8031
MR3504,5465.9,4393.8,0.8528
MR3505,12409.0,10306.1,0.8259
MR3506,10332.7,8328.5,0.8016
MR3507,6704.6,5964.5,0.8597
MR3508,4053.5,3414.2,0.9416
MR3509,4456.8,3583.4,0.8349
MR3510,4006.3,3205.5,0.9399
MR3511,7780.9,6640.4,0.7892
MR3512,7726.6,7245.5,0.8052
MR3513,3990.0,3365.3,0.8627
MR3514,7404.3,6994.2,0.9307
MR3515,5802.9,5380.3,0.94
MR3516,12149.8,10503.6,0.8742
MR3517,3910.6,3161.7,0.9052
MR3518,10218.4,9589.3,0.8106
MR3519,4420.8,3862.3,0.9319
MR3520,6593.6,5374.7,0.9467
MR3521,8412.3,6828.6,0.9332
MR3522,3795.4,3154.1,0.8004
MR3523,9795.3,8439.0,0.8626
MR3524,8754.7,7357.2,0.8618
MR3525,1160.4,996.9,0.7896
MR3526,2931.4,2636.8,0.8378
MR3527,1724.4,1467.5,0.9111
MR3528,1999.1,1736.3,0.8439
MR3529,6254.9,5395.0,0.8568
MR3530,4854.2,4213.6,0.8695
MR3531,6116.0,5437.5,0.9493
MR3532,4782.1,4521.3,0.8696
MR3533,6047.2,5001.7,0.9469
MR3534,11782.6,10322.3,0.8297
MR3535,7237.8,5989.6,0.858
MR3536,5805.9,5255.4,0.8286
MR3537,4439.8,4166.2,0.903
MR3538,8905.1,7866.3,0.9272
MR3539,9378.9,7706.4,0.8462
MR3540,9157.0,7489.8,0.8855
MR3541,10091.8,8368.6,0.8164
MR3542,3600.3,3383.4,0.8755
MR3543,8188.7,6590.5,0.8196
MR3544,7827.7,7176.4,0.9402
MR3545,7499.9,6864.6,0.9023
MR3546,6755.3,6250.1,0.841
MR3547,6455.6,6031.0,0.8917
MR3548,6902.5,5837.3,0.8433
MR3549,9080.6,8481.8,0.8279
MR3550,7678.1,7043.5,0.9105
MR3551,12577.5,10261.2,0.8459
MR3552,10167.3,8577.8,0.819
MR3553,6081.4,5016.6,0.9265
MR3554,8328.3,6950.5,0.8271
MR3555,6709.9,6060.0,0.8849
MR3556,10397.6,8375.9,0.9019
MR3557,5604.1,4623.8,0.8331
MR3558,5177.5,4233.3,0.8268
MR3559,9079.5,7287.0,0.7978
MR3560,9701.9,8845.1,0.9339
MR3561,6103.8,5738.5,0.7889
MR3562,12638.7,10141.3,0.8707
MR3563,6575.9,6182.4,0.8991
MR3564,8564.2,6893.7,0.8855
MR3565,10341.2,8849.7,0.8337
MR3566,5271.4,4813.8,0.8638
MR3567,3700.4,3385.0,0.9017
MR3568,5771.6,5235.9,0.8443
MR3569,10540.3,9780.7,0.8409
MR3570,4392.6,3808.9,0.9243
MR3571,1384.0,1195.2,0.9278
MR3572,1634.3,1548.5,0.9478
MR3573,2539.9,2310.6,0.8544
MR3574,3653.5,3415.0,0.8008
MR3575,4360.9,4107.6,0.8188
MR3576,3384.2,2894.1,0.9427
MR3577,5871.1,4926.3,0.87
MR3578,3827.9,3321.1,0.9134
MR3579,11390.6,10316.2,0.8917
MR3580,9238.3,8248.8,0.8883
MR3581,4985.4,4075.9,0.8831
MR3582,5397.0,4775.4,0.8073
MR3583,6283.7,5401.4,0.8982
MR3584,8354.2,7003.4,0.8734
MR3585,6263.4,5786.4,0.935
MR3586,7097.7,5882.7,0.8993
MR3587,6493.3,5741.9,0.8108
MR3588,7543.2,6841.2,0.7861
MR3589,7366.4,6526.7,0.874
MR3590,7642.8,7240.0,0.9178
MR3591,5425.0,4927.7,0.8475
MR3592,4297.2,3504.2,0.878
MR3593,8402.2,6899.8,0.9467
MR3594,4783.2,4004.0,0.831
MR3595,10103.1,9313.1,0.9319
MR3596,8210.4,7534.5,0.9469
MR3597,5560.5,4648.2,0.9236
MR3598,8642.4,7378.4,0.8505
MR3599,4648.7,4152.0,0.9282
MR3600,2020.6,1743.5,0.7896
MR3601,5112.8,4241.1,0.8975
MR3602,4018.0,3259.0,0.7948
MR3603,3098.8,2616.0,0.8036
MR3604,1345.3,1120.9,0.9154
MR3605,5188.1,4446.9,0.9008
MR3606,3431.7,2966.4,0.8261
MR3607,3908.9,3474.1,0.9496
MR3608,7274.8,6311.8,0.8348
MR3609,6885.6,5793.4,0.8895
MR3610,4465.4,4120.1,0.9306
MR3611,7596.7,6736.7,0.7906
MR3612,4338.3,3975.9,0.8846
MR3613,5350.2,4928.8,0.8273
MR3614,4853.7,4241.1,0.941
MR3615,3557.5,3158.8,0.9348
MR3616,3122.1,2700.2,0.8645
MR3617,3419.5,3149.2,0.8706
MR3618,3306.3,3055.7,0.8384
MR3619,1563.3,1427.6,0.8347
MR3620,5654.4,4611.4,0.9495
MR3621,2374.5,2252.9,0.8735
MR3622,5817.0,5307.6,0.862
MR3623,7702.2,6333.2,0.9267
MR3624,5803.6,5119.5,0.8945
MR3625,7394.6,6619.9,0.797
MR3626,4218.3,3885.1,0.9012
MR3627,4645.7,4293.5,0.8037
MR3628,4735.4,4010.9,0.7964
MR3629,4305.9,3530.6,0.7975
MR3630,5742.5,5027.9,0.8532
MR3631,4091.8,3306.5,0.9271
MR3632,8841.8,7118.9,0.9097
MR3633,4865.6,3980.0,0.8065
MR3634,8993.6,7583.7,0.8952
MR3635,9064.4,7658.5,0.948
MR3636,4650.5,4057.9,0.9482
MR3637,5956.8,4911.5,0.9052
MR3638,3296.1,2858.4,0.803
MR3639,8370.6,7134.6,0.7968
MR3640,10934.5,9567.2,0.8929
MR3641,4096.1,3370.3,0.9238
MR3642,2934.0,2366.8,0.9367
MR3643,2953.2,2457.9,0.9136
MR3644,7782.1,7075.8,0.9264
MR3645,4887.9,4073.4,0.9302
MR3646,2314.1,1963.4,0.9354
MR3647,5397.4,4977.7,0.9234
MR3648,3847.8,3195.6,0.9111
MR3649,5593.9,4806.7,0.8575
MR3650,5858.6,5574.8,0.9055
MR3651,9245.4,8086.9,0.8626
MR3652,7012.8,6506.5,0.9478
MR3653,8632.5,7777.9,0.914
MR3654,6613.3,5338.3,0.9279
MR3655,7870.1,6575.6,0.895
MR3656,10590.3,8540.1,0.9139
MR3657,4693.5,4095.9,0.885
MR3658,9328.5,7546.5,0.9028
MR3659,8228.6,7405.5,0.8861
MR3660,7408.5,6606.6,0.8486
MR3661,6754.6,6153.2,0.8672
MR3662,5506.9,4684.5,0.8676
MR3663,10309.4,9171.2,0.788
MR3664,5173.6,4805.0,0.9309
MR3665,4109.3,3337.2,0.8213
MR3666,2921.2,2655.7,0.8597
MR3667,3897.6,3344.4,0.8269
MR3668,4499.8,3804.0,0.864
MR3669,2842.1,2473.2,0.8189
MR3670,5350.7,4901.3,0.8189
MR3671,4443.8,3654.9,0.9029
MR3672,3981.5,3622.1,0.8306
MR3673,5743.7,5089.5,0.9161
MR3674,10220.4,9321.8,0.8713
MR3675,11634.9,9943.0,0.8874
MR3676,8436.2,7996.0,0.8628
MR3677,13859.1,11267.6,0.7942
MR3678,8377.5,7692.4,0.9413
MR3679,9788.6,8190.4,0.9194
MR3680,7752.3,7189.7,0.7911
MR3681,7712.3,6219.1,0.8165
MR3682,9522.4,8240.1,0.9309
MR3683,9810.4,8651.8,0.9189
MR3684,5145.0,4800.4,0.8461
MR3685,6780.3,6114.5,0.9203
MR3686,4933.7,4474.8,0.8561
MR3687,1700.3,1363.7,0.9415
MR3688,1832.3,1727.6,0.8886
MR3689,3859.4,3170.7,0.8357
MR3690,2951.6,2505.8,0.8258
MR3691,1747.5,1576.2,0.8367
MR3692,1542.6,1253.3,0.8106
MR3693,10058.5,8176.1,0.9471
MR3694,9806.8,9309.5,0.9077
MR3695,9666.4,8830.7,0.8582
MR3696,6274.5,5853.7,0.8334
MR3697,5699.9,4701.1,0.8773
MR3698,4382.4,3672.0,0.864
MR3699,2094.6,1895.2,0.9121
MR3700,4738.5,4485.7,0.8965
MR3701,7075.4,6393.3,0.8877
MR3702,6072.5,5286.9,0.8704
MR3703,3885.2,3321.8,0.8065
MR3704,6896.2,6326.9,0.8839
MR3705,7453.8,6582.2,0.9174
MR3706,5165.5,4460.9,0.8967
MR3707,6679.0,5390.3,0.8656
MR3708,3615.7,2932.9,0.7832
MR3709,10782.4,9013.5,0.9127
MR3710,5070.1,4123.2,0.9388
MR3711,3602.6,3169.0,0.84
MR3712,2581.3,2136.2,0.8824
MR3713,2071.4,1705.0,0.8068
MR3714,2984.7,2662.5,0.9258
MR3715,7244.8,6324.2,0.8151
MR3716,1579.6,1491.0,0.8612
MR3717,5214.6,4903.4,0.7899
MR3718,8374.6,7537.6,0.9152
MR3719,10860.9,10315.2,0.8314
MR3720,5842.6,5000.8,0.8052
MR3721,6911.3,5884.5,0.829
MR3722,8477.7,7651.5,0.9434
MR3723,6814.2,6222.1,0.8133
MR3724,3010.5,2503.0,0.8888
MR3725,6515.2,5634.9,0.8224
MR3726,10257.8,8617.2,0.9106
MR3727,7956.7,6573.2,0.899
MR3728,3154.5,2769.4,0.8097
MR3729,7240.0,6770.9,0.9205
MR3730,6131.3,5258.7,0.866
MR3731,5153.5,4146.0,0.8667
MR3732,4959.2,4687.0,0.9265
MR3733,2022.2,1760.0,0.9465
MR3734,2697.9,2270.3,0.9329
MR3735,4970.1,4486.0,0.9372
MR3736,9471.3,8445.2,0.869
MR3737,4734.3,4477.0,0.8305
MR3738,4144.5,3445.1,0.9126
MR3739,3904.5,3426.5,0.795
MR3740,8329.4,7203.9,0.8253
MR3741,5527.6,4598.7,0.8875
MR3742,5017.3,4651.9,0.847
MR3743,4390.9,3931.1,0.9272
MR3744,7922.5,6953.6,0.8414
MR3745,3950.5,3563.3,0.8207
MR3746,9910.7,9018.4,0.8523
MR3747,6200.4,5167.9,0.9305
MR3748,3956.4,3206.6,0.9416
MR3749,4537.9,3929.2,0.8043
MR3751,9982.8,8391.5,0.9491
MR3752,3830.7,3251.5,0.7885
MR3753,2224.9,2034.7,0.7911
MR3754,5378.3,4448.0,0.8495
MR3755,5872.0,5264.4,0.781
MR3756,7459.3,6275.6,0.8158
MR3757,5726.6,4787.4,0.7847
MR3758,2184.6,2052.6,0.7846
MR3759,5889.4,4898.6,0.7963
MR3760,4964.8,4312.4,0.8917
MR3761,6546.0,5366.0,0.873
MR3762,9026.3,7609.2,0.8587
MR3763,6988.2,6652.7,0.9143
MR3764,10441.7,8441.7,0.9449
MR3765,7443.8,6847.9,0.8602
MR3766,2827.0,2568.2,0.811
MR3767,6315.3,5197.9,0.8618
MR3768,5767.6,5039.7,0.7879
MR3769,7591.4,7130.2,0.864
MR3770,6563.5,6089.3,0.7989
MR3771,6938.8,6110.3,0.9467
MR3772,8804.6,7673.1,0.7983
MR3773,5251.8,4954.8,0.8698
MR3774,3307.3,2857.8,0.8647
MR3775,4734.2,3887.5,0.8631
MR3776,3943.0,3459.4,0.8884
MR3777,4131.3,3328.3,0.7806
MR3778,4196.5,3369.1,0.7926
MR3779,2116.5,1864.7,0.8638
MR3780,8198.3,7341.3,0.8316
MR3781,9738.8,8844.3,0.8154
MR3782,11007.5,9828.6,0.8838
MR3783,4820.2,3985.4,0.936
MR3784,9214.5,7566.9,0.8475
MR3785,3548.5,3281.5,0.8308
MR3786,4414.1,3555.4,0.8802
MR3787,4438.0,3554.6,0.9186
MR3788,1206.7,1120.9,0.9121
MR3789,4320.9,3629.6,0.8466
MR3790,4089.8,3315.7,0.8422
MR3791,3481.2,3244.8,0.9002
MR3792,2998.6,2507.5,0.8814
MR3793,3109.3,2820.5,0.8058
MR3794,4551.3,3715.0,0.853
MR3795,5834.2,5258.8,0.8244
MR3796,5657.2,5289.0,0.946
MR3797,10814.7,8763.1,0.895
MR3798,8217.6,7534.1,0.7804
MR3799,8302.1,7424.8,0.8882
MR3800,3844.9,3287.7,0.8536
MR3801,7496.3,6470.6,0.8854
MR3802,4867.8,4213.8,0.8423
MR3803,4215.8,3597.5,0.8931
MR3804,7312.8,6507.4,0.8544
MR3805,13145.5,11257.7,0.8038
MR3806,6524.5,5633.2,0.8598
MR3807,8653.8,7234.0,0.8057
MR3808,2772.6,2433.2,0.9308
MR3810,4457.9,3864.8,0.8184
MR3811,5478.3,5035.0,0.8994
MR3812,3563.6,2917.8,0.942
MR3813,8438.3,6895.5,0.8305
MR3814,10543.5,8538.9,0.9436
MR3815,4801.5,4183.5,0.895
MR3816,4410.2,3971.6,0.8181
MR3817,8449.1,6904.7,0.9201
MR3818,5872.4,5529.1,0.8117
MR3819,5703.7,4669.5,0.8312
MR3820,2974.6,2807.3,0.9295
MR3822,5055.6,4443.2,0.8129
MR3823,6952.9,5886.6,0.9448
MR3824,5385.3,5112.7,0.7843
MR3825,8388.7,7608.2,0.8788
MR3826,6158.7,5675.5,0.894
MR3827,5868.1,5084.0,0.8099
MR3828,7300.2,6274.0,0.7802
MR3829,7427.9,6663.5,0.8196
MR3830,3865.9,3478.1,0.9315
MR3831,9136.8,8196.9,0.8948
MR3832,5726.8,5040.8,0.9486
MR3833,5031.4,4577.5,0.8928
MR3834,5865.7,5495.3,0.8792
MR3835,3384.3,2836.6,0.822
MR3836,10445.2,9509.3,0.9415
MR3837,11873.6,10547.9,0.794
MR3838,1985.7,1878.9,0.8942
MR3839,1807.6,1554.5,0.8794
MR3840,3196.4,2691.7,0.8273
MR3841,1897.8,1614.0,0.9224
MR3842,2995.8,2478.8,0.8916
MR3843,9525.3,7796.4,0.9486
MR3844,8101.2,6879.6,0.7927
MR3845,7655.7,7071.9,0.895
MR3846,3494.0,3223.8,0.8286
MR3847,6731.0,5729.4,0.9067
MR3848,4506.3,3804.1,0.904
MR3849,8604.1,7015.5,0.8302
MR3850,8913.4,7890.0,0.8465
MR3851,7422.7,6024.6,0.7889
MR3852,7398.3,6592.4,0.8896
MR3853,9454.6,8240.5,0.7915
MR3854,6975.6,6015.0,0.8092
MR3855,2960.1,2811.4,0.7819
MR3856,4179.4,3569.6,0.9489
MR3857,4116.4,3674.3,0.8342
MR3858,4975.3,4444.4,0.9272
MR3859,6311.2,5475.8,0.8903
MR3860,6748.8,6138.4,0.8655
MR3861,10038.2,8079.6,0.8363
MR3862,10260.3,8528.0,0.8763
MR3863,10058.2,9264.1,0.8476
MR3864,9552.9,8471.8,0.8101
MR3865,6805.2,5671.7,0.8403
MR3866,3426.8,2756.1,0.8911
MR3867,2802.2,2443.5,0.9208
MR3868,5760.9,4616.3,0.9477
MR3869,8149.0,6591.0,0.8699
MR3870,8666.3,7153.6,0.8165
MR3871,8425.3,7246.4,0.9213
MR3872,5747.1,5368.4,0.8427
MR3873,10328.9,8341.2,0.9467
MR3874,8824.5,8300.5,0.7901
MR3875,3756.8,3041.7,0.8383
MR3876,8249.0,7114.5,0.9286
MR3877,6548.0,5552.1,0.788
MR3878,3944.9,3411.7,0.9265
MR3879,6266.2,5861.9,0.9438
MR3880,4107.7,3541.8,0.7957
MR3881,4017.8,3614.0,0.8528
MR3882,6002.3,5018.3,0.7865
MR3883,6999.3,6072.2,0.8674
MR3884,6659.6,6193.7,0.7882
MR3885,8613.0,6931.1,0.8357
MR3886,3975.8,3337.9,0.8041
MR3887,2888.8,2461.9,0.8351
MR3888,2295.2,2095.4,0.914
MR3889,2837.3,2568.1,0.7997
MR3890,3249.0,2919.7,0.8785
MR3891,3016.9,2740.7,0.9207
MR3892,2301.5,1854.6,0.8263
MR3893,8106.0,6805.4,0.7993
MR3894,4836.1,4353.9,0.797
MR3896,3934.8,3273.0,0.9254
MR3897,6753.7,5901.5,0.9319
MR3898,2901.3,2419.9,0.9121
MR3899,3786.8,3203.2,0.8427
MR3900,4711.0,4300.3,0.9248
MR3901,3476.0,3110.9,0.9198
MR3902,4318.9,3606.7,0.8687
MR3903,7822.5,6480.1,0.9023
MR3904,6209.5,5884.7,0.8831
MR3905,10543.4,9295.1,0.903
MR3906,9541.0,8982.8,0.8479
MR3907,9520.5,8585.6,0.8036
MR3908,6653.0,5980.0,0.929
MR3909,9646.0,8440.9,0.7895
MR3910,11496.2,10805.3,0.8031
MR3911,13152.8,10990.0,0.8772
MR3912,6632.6,5853.7,0.8338
MR3913,5223.9,4200.7,0.8787
MR3914,11786.4,10896.7,0.8001
MR3915,4673.0,4146.5,0.8249
MR3916,5163.7,4908.3,0.7813
MR3917,2524.4,2040.4,0.9496
MR3918,5823.5,5537.9,0.873
MR3919,2291.4,1930.0,0.9075
MR3920,2736.8,2300.4,0.8987
MR3921,2052.7,1836.5,0.8852
MR3922,2769.9,2274.0,0.84
MR3923,2288.4,1968.7,0.8469
MR3924,1933.0,1602.1,0.9411
MR3925,1294.5,1214.5,0.8741
MR3926,2209.3,1937.3,0.8804
MR3927,2155.0,2019.4,0.8827
MR3928,6423.5,5189.7,0.9256
MR3929,9633.4,8440.0,0.8345
MR3930,8651.0,7511.5,0.9386
MR3931,6361.3,5214.1,0.9127
MR3932,7477.9,6355.2,0.9214
MR3933,4633.4,4196.1,0.9191
MR3934,7765.6,6671.9,0.8129
MR3935,6266.9,5944.2,0.9424
MR3936,6724.6,5509.2,0.8549
MR3937,9965.8,8419.7,0.896
MR3938,8320.9,7921.1,0.8525
MR3939,2555.9,2360.3,0.876
MR3940,4871.7,4053.5,0.9034
MR3941,6525.7,6044.7,0.9474
MR3942,10289.1,8637.2,0.9377
MR3943,8351.6,7296.2,0.8797
MR3945,8379.8,7623.5,0.8156
MR3946,5414.9,4619.2,0.8158
MR3947,5351.9,4815.5,0.8366
MR3948,7583.7,6464.7,0.9018
MR3949,4103.4,3853.7,0.872
MR3950,3599.9,3047.3,0.9068
MR3951,6471.1,5988.4,0.9098
MR3952,4752.9,4449.7,0.8378
MR3953,2526.9,2269.7,0.9075
MR3954,10179.2,9585.4,0.8344
MR3955,10357.0,9192.3,0.9108
MR3956,4575.1,4033.6,0.817
MR3957,6329.6,5446.1,0.8378
MR3958,4820.0,4211.6,0.7848
MR3959,7632.9,7202.8,0.8624
MR3960,9274.2,7708.4,0.9213
MR3961,8072.9,6764.0,0.8665
MR3962,6918.1,6580.9,0.8838
MR3963,5988.7,5078.8,0.9278
MR3964,6227.2,5531.4,0.8526
MR3965,11658.6,10511.0,0.9035
MR3966,10051.1,8148.3,0.9289
MR3967,7255.8,6192.0,0.9041
MR3968,2319.1,1904.9,0.8786
MR3969,2470.2,2150.1,0.8792
MR3970,7394.0,6423.6,0.7903
MR3971,8324.4,7719.9,0.879
MR3972,9466.4,8942.0,0.8768
MR3973,7729.4,6998.5,0.865
MR3974,8950.5,7422.3,0.9355
MR3975,7655.8,6795.2,0.9018
MR3976,6917.6,5969.6,0.8044
MR3977,4791.7,4293.2,0.7903
MR3978,3706.0,3260.1,0.8693
MR3979,3996.8,3434.0,0.9453
MR3980,8229.7,6712.1,0.9103
MR3981,11034.0,9106.6,0.8963
MR3982,3953.7,3697.5,0.7985
MR3983,4773.0,4315.3,0.7895
MR3984,5351.0,4369.6,0.9136
MR3985,2837.2,2404.7,0.8059
MR3986,9410.9,8568.3,0.8316
MR3987,9558.7,8759.1,0.8866
MR3988,8425.6,6924.9,0.9076
MR3989,4838.9,4465.1,0.9029
MR3990,4935.2,4562.7,0.8493
MR3991,2359.3,2146.3,0.8018
MR3992,5087.0,4161.4,0.8099
MR3993,4884.1,4138.0,0.85
MR3994,8258.2,6956.5,0.8443
MR3996,4212.9,3600.3,0.8524
MR3997,6859.4,5542.0,0.9215
MR3998,3560.3,2900.3,0.9445
MR3999,2319.0,1983.6,0.856
MR4000,4776.1,4320.3,0.9311
MR4001,3332.5,2878.8,0.8768
MR4002,7704.5,7187.8,0.7979
MR4003,5896.0,4719.6,0.8166
MR4004,7013.3,5995.2,0.8049
MR4005,6541.4,5805.1,0.8293
MR4006,5069.2,4148.3,0.8084
MR4007,6124.7,5568.9,0.8162
MR4008,8292.4,7715.7,0.9416
MR4009,11571.2,9852.4,0.9185
MR4010,8316.1,6666.3,0.8326
MR4011,2603.5,2221.4,0.8671
MR4012,1732.0,1466.6,0.7804
MR4013,4238.7,3961.0,0.8929
MR4014,4594.9,3703.6,0.8662
MR4015,3134.0,2941.2,0.9166
MR4016,6911.8,5802.4,0.8558
MR4017,7389.4,6635.7,0.916
MR4018,4895.7,4098.1,0.8731
MR4019,2651.8,2339.6,0.841
MR4020,2383.1,2091.1,0.8331
MR4021,3575.5,2981.9,0.9368
MR4022,5082.5,4102.2,0.9282
MR4023,3260.2,2706.7,0.7915
MR4024,3757.3,3161.4,0.8547
MR4025,4511.9,4103.2,0.9405
MR4026,3098.7,2555.7,0.8297
MR4027,7976.5,7227.5,0.8688
MR4029,7727.3,6732.2,0.8611
MR4030,14349.5,11619.5,0.7881
MR4031,5461.1,4375.3,0.923
MR4032,5416.8,4729.6,0.8321
MR4033,3756.9,3025.6,0.8822
MR4034,6598.4,5565.7,0.7974
MR4035,5508.2,4713.1,0.9009
MR4036,8031.2,7603.1,0.927
MR4037,8851.9,7726.6,0.8803
MR4038,10129.2,8365.7,0.8096
MR4039,9739.4,8114.1,0.8365
MR4040,8315.6,6804.0,0.8227
MR4041,4497.4,3958.9,0.9339
MR4042,1695.3,1575.1,0.8074
MR4043,4752.6,4087.0,0.8566
MR4044,2968.5,2454.4,0.9188
MR4045,3974.0,3765.0,0.7911
MR4046,6691.7,6294.6,0.9192
MR4047,9538.7,8502.6,0.828
MR4048,10042.6,9557.6,0.8672
MR4049,6995.0,6256.2,0.8365
MR4050,10112.7,9438.1,0.7911
MR4051,7683.0,7115.7,0.8947
MR4052,8440.2,6839.3,0.9347
MR4053,5125.6,4268.0,0.824
MR4054,8080.4,6966.4,0.8951
MR4055,8697.3,7740.3,0.9454
MR4056,8796.9,7473.3,0.9365
MR4057,6660.7,5538.3,0.8635
MR4058,7535.9,6060.8,0.78
MR4059,7814.9,6540.2,0.89
MR4060,6848.3,6294.8,0.8887
MR4061,7546.5,6179.4,0.7911
MR4062,8001.3,7246.3,0.9061
MR4063,10431.8,9605.5,0.7969
MR4064,6833.5,6133.3,0.8356
MR4065,2837.1,2584.6,0.814
MR4066,4396.3,4120.3,0.8878
MR4067,2859.1,2429.0,0.8786
MR4068,10086.5,8765.8,0.8088
MR4069,7780.9,6404.0,0.9492
MR4070,9444.1,8746.2,0.9313
MR4071,9312.0,7523.9,0.8705
MR4072,4844.8,4018.3,0.8458
MR4073,5735.3,5438.4,0.9034
MR4074,3089.9,2718.3,0.8346
MR4075,7357.4,6582.4,0.8557
MR4076,4330.7,3577.2,0.8137
MR4077,8225.9,7740.0,0.9286
MR4078,2802.5,2495.5,0.7961
MR4079,4358.2,3664.5,0.8335
MR4080,4831.1,4426.2,0.8588
MR4081,7282.0,6444.9,0.8278
MR4082,11375.6,9656.4,0.8006
MR4083,9456.0,7715.8,0.9031
MR4084,4874.4,4080.6,0.8747
MR4085,5022.1,4511.3,0.8147
MR4086,7676.5,6401.5,0.8426
MR4087,1905.6,1538.2,0.9385
MR4088,1656.9,1365.8,0.8501
MR4089,3052.6,2711.8,0.8432
MR4090,4474.3,3666.3,0.8907
MR4091,4413.6,3865.3,0.8607
MR4092,5068.5,4470.3,0.8705
MR4093,4293.4,4077.6,0.9101
MR4094,7185.4,6619.5,0.9204
MR4095,11409.6,9519.0,0.9473
MR4096,5674.8,4905.9,0.8536
MR4097,7893.4,6822.0,0.9071
MR4098,4100.2,3878.5,0.9176
MR4099,3293.0,2984.4,0.872
MR4100,10444.4,9873.5,0.9411
MR4101,12437.0,10281.5,0.8059
MR4102,8713.3,7130.3,0.8775
MR4103,3040.0,2664.3,0.9113
MR4104,1979.9,1708.7,0.8829
MR4105,1789.6,1518.8,0.8325
MR4106,2809.0,2667.6,0.8802
MR4107,3664.2,3456.8,0.831
MR4108,6329.6,5838.0,0.8605
MR4109,3030.1,2659.4,0.935
MR4110,3947.5,3187.2,0.9333
MR4111,3812.4,3325.4,0.9127
MR4112,5608.9,4788.2,0.8456
MR4113,5487.8,4631.1,0.7869
MR4114,7823.1,6631.2,0.833
MR4115,7663.1,6321.0,0.803
MR4116,7189.9,6267.4,0.9019
MR4117,7371.0,6293.2,0.857
MR4118,3690.6,2982.7,0.8609
MR4119,4601.4,3947.8,0.815
MR4120,9197.2,8134.1,0.8003
MR4121,9846.3,8306.3,0.8457
MR4122,9547.3,7846.3,0.8978
MR4123,7537.7,6353.5,0.8446
MR4124,5442.1,4815.8,0.8298
MR4125,5517.9,4421.2,0.9358
MR4126,2709.5,2569.3,0.9464
MR4127,3064.1,2683.3,0.9193
MR4128,2778.8,2645.8,0.8689
MR4129,3394.6,3088.0,0.9465
MR4130,1193.3,1049.2,0.8931
MR4131,6506.0,5902.2,0.9494
MR4132,11329.2,10627.5,0.9489
MR4133,4334.3,3856.0,0.8968
MR4134,3431.3,2898.2,0.8735
MR4135,7271.2,6046.6,0.873
MR4136,5582.5,4668.6,0.8059
MR4137,3489.6,2876.9,0.7951
MR4138,6542.9,5757.7,0.885
MR4139,3721.7,3363.4,0.8762
MR4140,1899.6,1595.8,0.7808
MR4141,3998.9,3591.9,0.8639
MR4142,5655.2,4893.5,0.9275
MR4143,6937.8,5908.2,0.9483
MR4144,3654.9,3306.1,0.7887
MR4145,7272.9,5989.3,0.8362
MR4146,9142.8,8560.7,0.878
MR4147,3598.7,3295.9,0.8588
MR4148,3913.3,3354.6,0.7842
MR4149,2647.1,2140.5,0.8972
MR4150,8897.2,8163.8,0.855
MR4151,4321.0,3594.6,0.8384
MR4152,3398.9,2743.8,0.8255
MR4153,2278.1,1972.7,0.8439
MR4154,2962.2,2711.6,0.8729
MR4155,1728.8,1474.5,0.8936
MR4156,3063.4,2596.8,0.8357
MR4157,4664.1,3909.3,0.944
MR4158,2453.0,2195.0,0.8518
MR4159,8406.4,7255.5,0.8888
MR4160,3594.2,3086.6,0.901
MR4161,5707.4,4620.6,0.788
MR4162,6384.2,5816.2,0.8984
MR4163,8778.5,7413.2,0.9008
MR4164,10371.4,9117.8,0.9151
MR4165,8993.4,8249.9,0.8129
MR4166,4254.4,3529.4,0.9474
MR4167,3661.1,3232.6,0.8144
MR4168,3157.9,2888.3,0.8115
MR4169,3065.8,2737.2,0.856
MR4170,4665.8,3996.0,0.8598
MR4171,4801.5,4481.5,0.9294
MR4172,9477.9,8385.3,0.8392
MR4173,9877.2,8028.7,0.9216
MR4174,7875.5,6742.9,0.8381
MR4175,5990.6,5010.1,0.8237
MR4176,10879.6,10190.6,0.8643
MR4177,6447.1,5485.1,0.8358
MR4178,3312.1,2751.2,0.8636
MR4179,4797.1,4109.2,0.86
MR4180,4429.5,3573.2,0.8122
MR4181,9721.2,9119.8,0.8255
MR4182,9511.3,8438.4,0.8749
MR4183,6436.9,5805.9,0.9072
MR4184,10436.8,8474.3,0.9336
MR4185,4535.6,4293.1,0.8983
MR4186,4305.6,3666.6,0.783
MR4187,4483.4,3594.7,0.9401
MR4189,4071.6,3860.2,0.9364
MR4190,1609.1,1481.7,0.8692
MR4191,2140.5,1815.1,0.822
MR4192,1958.8,1613.6,0.8569
MR4193,5886.7,5501.1,0.8275
MR4194,9565.9,7984.4,0.9118
MR4195,4442.1,3962.7,0.8448
MR4196,3613.5,3310.1,0.8014
MR4197,4293.1,3950.4,0.8106
MR4198,3612.4,3062.1,0.9209
MR4199,4933.9,4579.9,0.9143
MR4200,5130.1,4705.7,0.8447
MR4201,4011.9,3340.5,0.9477
MR4202,11686.4,10126.0,0.8
MR4203,4997.8,4371.9,0.8526
MR4204,11008.8,9045.3,0.8903
MR4205,10089.9,9272.3,0.8942
MR4206,11073.5,9479.9,0.8025
MR4207,4415.9,3862.9,0.9352
MR4208,3771.5,3078.1,0.8946
MR4209,4043.7,3533.8,0.8526
MR4210,6179.0,5454.7,0.7973
MR4211,6187.6,5660.5,0.8185
MR4212,6541.7,6157.7,0.7898
MR4213,2409.9,2167.1,0.9224
MR4214,1069.9,926.5,0.8365
MR4215,6979.0,6448.2,0.9151
MR4216,8010.9,7030.4,0.8279
MR4217,11241.4,9324.7,0.8756
MR4218,6083.5,5036.8,0.9498
MR4219,6582.6,5333.4,0.8525
MR4220,5859.0,5163.1,0.865
MR4221,4810.6,4354.9,0.8327
MR4222,10152.2,8153.8,0.8592
MR4223,4868.2,4451.9,0.8731
MR4224,2804.2,2426.2,0.8229
MR4225,2066.9,1819.4,0.8667
MR4226,2029.0,1736.4,0.8907
MR4227,2469.3,2313.7,0.887
MR4228,7241.1,6807.7,0.8672
MR4230,2833.5,2322.7,0.794
MR4231,2618.2,2120.6,0.8236
MR4232,4720.5,4296.2,0.9039
MR4233,7399.9,6015.9,0.801
MR4234,6091.6,5039.6,0.8953
MR4235,2840.0,2552.2,0.8338
MR4236,7261.0,5911.6,0.9396
MR4237,11588.3,9992.6,0.9093
MR4238,1649.5,1534.9,0.9301
MR4239,4871.1,4088.1,0.8739
MR4240,4583.3,4253.2,0.8967
MR4241,4942.1,4172.7,0.925
MR4242,5306.8,4671.3,0.8723
MR4243,4525.7,4055.0,0.7895
MR4244,6189.4,5653.3,0.8261
MR4245,9539.6,7653.1,0.8833
MR4246,7209.9,6434.4,0.9033
MR4247,9458.2,8727.9,0.9274
MR4248,6274.9,5303.6,0.9341
MR4249,6526.1,5981.1,0.7889
MR4250,5052.8,4232.8,0.8989
MR4251,5921.9,4753.9,0.9407
MR4252,8089.3,7333.4,0.8991
MR4253,7022.8,5976.0,0.8278
MR4254,6999.5,6272.5,0.9431
MR4255,10151.9,8886.9,0.8348
MR4256,9576.2,7839.5,0.906
MR4257,7186.6,6255.4,0.902
MR4258,11761.6,9498.8,0.8023
MR4259,4289.5,3553.5,0.876
MR4260,5516.5,4624.3,0.8721
MR4261,5685.3,4663.2,0.8421
MR4262,9424.2,7546.6,0.8649
MR4263,12182.8,10501.7,0.9083
MR4264,4737.2,3984.4,0.9112
MR4265,8285.9,7745.1,0.9124
MR4266,4552.9,3936.3,0.7803
MR4267,4575.6,3704.1,0.7901
MR4268,6739.7,6313.5,0.8214
MR4269,5008.6,4191.7,0.9263
MR4271,3449.2,2891.5,0.9434
MR4272,4512.4,3633.4,0.879
MR4273,6717.5,6384.7,0.8748
MR4274,3653.0,3146.0,0.8798
MR4275,3477.9,3265.4,0.8927
MR4276,12022.5,10718.9,0.8577
MR4277,11523.6,9910.1,0.7911
MR4278,8744.2,7345.9,0.8776
MR4279,9365.1,7674.1,0.912
MR4280,5783.5,4716.4,0.8637
MR4281,6739.4,5964.8,0.7848
MR4282,4807.9,4051.3,0.8795
MR4283,5208.8,4434.1,0.848
MR4284,4089.4,3891.1,0.8526
MR4285,6196.6,5187.6,0.8477
MR4286,7058.0,5943.3,0.869
MR4287,7225.2,6565.2,0.8048
MR4288,5583.2,4586.8,0.9474
MR4289,3608.6,3036.6,0.8288
MR4290,4556.7,3819.2,0.8112
MR4291,1378.0,1229.1,0.892
MR4292,1881.1,1642.6,0.8911
MR4293,1975.0,1607.6,0.8423
MR4294,9322.1,8104.9,0.8353
MR4295,10015.6,8758.5,0.8931
MR4296,7768.2,6666.2,0.906
MR4297,11873.5,10451.2,0.8041
MR4298,10904.3,9745.0,0.8934
MR4299,11625.8,9546.4,0.8906
MR4300,11418.2,9349.2,0.824
MR4301,10454.6,8394.8,0.8193
MR4302,6799.9,5643.6,0.8935
MR4303,3987.4,3216.6,0.8107
MR4304,11220.6,9438.5,0.9195
MR4305,7995.0,6535.2,0.7839
MR4306,7912.6,6867.6,0.9012
MR4307,2989.1,2522.4,0.8644
MR4308,3988.8,3457.7,0.9442
MR4309,6704.9,5532.7,0.8203
MR4310,3749.1,3044.1,0.8746
MR4311,9269.8,7657.9,0.8901
MR4312,8506.3,7332.3,0.9449
MR4313,8729.4,7476.2,0.8825
MR4314,7959.8,6516.6,0.874
MR4315,3211.9,2664.9,0.8863
MR4316,1920.0,1720.8,0.8519
MR4317,3034.9,2743.8,0.8376
MR4318,2222.8,2037.7,0.8196
MR4319,7314.4,6289.1,0.934
MR4320,6005.5,4877.9,0.9076
MR4321,5167.3,4834.2,0.7857
MR4322,8682.9,8203.1,0.9287
MR4323,3060.0,2867.4,0.92
MR4324,5297.5,4675.0,0.9237
MR4325,8107.4,6963.8,0.8812
MR4326,10748.1,9214.7,0.8999
MR4327,9993.1,8340.7,0.8667
MR4328,5846.1,5136.6,0.9321
MR4329,5528.9,4803.4,0.8728
MR4330,4240.8,3934.2,0.79
MR4331,5457.9,5159.7,0.9282
MR4332,5954.1,5171.4,0.934
MR4333,3861.6,3165.9,0.8535
MR4334,7403.0,6684.7,0.8983
MR4335,4692.5,4181.8,0.836
MR4336,8539.2,8012.5,0.8731
MR4337,6578.2,5504.2,0.9051
MR4338,9551.1,8264.9,0.9279
MR4339,10056.3,8958.6,0.8513
MR4340,9352.3,7883.0,0.8469
MR4341,4997.2,4508.6,0.8508
MR4342,10575.8,8814.1,0.8629
MR4343,9511.4,8300.4,0.8056
MR4345,4584.6,3806.9,0.859
MR4346,6783.6,5582.5,0.9324
MR4347,9457.5,8038.8,0.8038
MR4348,13160.6,11584.8,0.894
MR4349,5768.4,4664.6,0.8502
MR4350,5079.8,4405.7,0.7991
MR4351,7228.8,6192.0,0.8571
MR4352,7403.0,6218.8,0.8078
MR4353,6747.7,6308.7,0.8442
MR4354,8650.7,7752.7,0.8734
MR4355,5830.3,5270.4,0.8224
MR4356,4196.1,3558.7,0.8441
MR4357,3347.5,2722.0,0.7843
MR4358,6915.1,5601.9,0.8269
MR4359,6911.7,5906.7,0.9096
MR4360,9426.6,8539.9,0.8601
MR4361,7603.6,6850.5,0.919
MR4362,6960.6,5829.7,0.9358
MR4363,8775.1,7424.5,0.825
MR4364,3833.2,3142.0,0.8965
MR4365,3003.9,2786.4,0.7846
MR4366,5960.3,4837.7,0.8051
MR4367,7539.6,6641.5,0.7832
MR4368,5253.9,4314.0,0.9444
MR4369,9906.8,8972.7,0.8385
MR4370,12453.3,10639.8,0.8748
MR4371,5759.8,4608.6,0.8313
MR4372,4373.1,3556.1,0.8737
MR4373,7449.7,6722.2,0.8166
MR4374,3973.0,3437.1,0.8649
MR4376,3928.3,3647.4,0.8316
MR4377,6356.7,5816.8,0.9226
MR4378,2603.8,2453.0,0.8586
MR4379,7131.1,6263.8,0.8879
MR4380,8978.5,8185.0,0.7851
MR4381,4694.0,3819.0,0.8271
MR4382,2107.0,1867.0,0.9135
MR4384,2453.1,2299.3,0.841
MR4385,6011.6,5360.0,0.9304
MR4386,4403.4,3614.8,0.8573
MR4387,3606.2,3308.5,0.9456
MR4388,5977.1,5330.3,0.9046
MR4389,6443.0,5462.8,0.9071
MR4390,4963.2,4651.1,0.8653
MR4391,3401.0,3173.0,0.8753
MR4392,6232.7,5611.7,0.9323
MR4393,5449.9,4551.1,0.9406
MR4394,2441.3,1954.9,0.9364
MR4395,3029.2,2525.3,0.9252
MR4396,7487.0,6338.7,0.8482
MR4397,6318.3,5365.3,0.8727
MR4398,8854.5,8205.4,0.8441
MR4399,7358.9,6515.8,0.8006
MR4400,4276.3,3421.6,0.9226
MR4401,4715.8,4415.6,0.8216
MR4402,2711.2,2232.7,0.8463
MR4403,2753.5,2306.1,0.8354
MR4404,848.2,685.1,0.8108
MR4405,3946.2,3679.3,0.9172
MR4406,7944.6,7273.1,0.9471
MR4407,5514.7,4576.9,0.9206
