cost_id,work_order_id,aircraft_id,labor_cost,parts_cost,vendor_cost,total_cost,currency,cost_date
COST0000001,WO0000001,AC00062,25750.35,97214.17,24340.5,147305.02,INR,2026-03-19
COST0000002,WO0000002,AC00046,100118.23,319372.35,0,419490.58,INR,2026-01-24
COST0000003,WO0000003,AC00006,39244.76,253571.6,58883.45,351699.81,INR,2026-01-17
COST0000004,WO0000004,AC00062,64375.38,33269.89,57703.35,155348.62,INR,2026-04-11
COST0000005,WO0000005,AC00067,35018.24,43618.09,0,78636.33,INR,2026-04-28
COST0000006,WO0000006,AC00051,378099.42,447302.32,0,825401.74,INR,2026-05-16
COST0000007,WO0000007,AC00024,44966.17,63682.78,0,108648.95,INR,2026-01-03
COST0000008,WO0000008,AC00038,31500.37,77501.12,0,109001.49,INR,2026-01-08
COST0000009,WO0000009,AC00069,41609.66,97749.87,94102.92,233462.45,INR,2026-05-09
COST0000010,WO0000010,AC00069,30570.62,24871.38,0,55442.0,INR,2026-01-25
COST0000011,WO0000011,AC00077,194644.51,133645.77,161835.41,490125.69,INR,2026-02-14
COST0000012,WO0000012,AC00021,52108.22,548828.35,26361.64,627298.21,INR,2026-02-12
COST0000013,WO0000013,AC00046,76191.0,31652.04,0,107843.04,INR,2026-03-09
COST0000014,WO0000014,AC00005,98671.85,69988.72,0,168660.57,INR,2026-06-09
COST0000015,WO0000015,AC00063,254575.99,146705.9,0,401281.89,INR,2026-01-24
COST0000016,WO0000016,AC00043,40446.32,150496.75,88309.5,279252.57,INR,2026-03-01
COST0000017,WO0000017,AC00048,32134.32,107320.03,37167.85,176622.2,INR,2026-05-23
COST0000018,WO0000018,AC00069,59937.86,229075.37,0,289013.23,INR,2026-04-21
COST0000019,WO0000019,AC00037,40896.11,47720.79,2945.09,91561.99,INR,2026-02-18
COST0000020,WO0000020,AC00054,10356.66,21412.39,15129.35,46898.4,INR,2026-01-28
COST0000021,WO0000021,AC00079,58296.45,448245.56,0,506542.01,INR,2026-01-06
COST0000022,WO0000022,AC00059,156806.14,188260.72,0,345066.86,INR,2026-02-12
COST0000023,WO0000023,AC00049,251563.31,360980.64,0,612543.95,INR,2026-03-06
COST0000024,WO0000024,AC00079,54143.99,239554.08,8180.93,301879.0,INR,2026-01-15
COST0000025,WO0000025,AC00007,625238.87,705690.89,0,1330929.76,INR,2026-05-31
COST0000026,WO0000026,AC00078,32552.04,64327.35,0,96879.39,INR,2026-03-29
COST0000027,WO0000027,AC00005,86123.3,118649.66,0,204772.96,INR,2026-01-27
COST0000028,WO0000028,AC00037,50060.6,22751.44,35779.68,108591.72,INR,2026-02-21
COST0000029,WO0000029,AC00060,91812.32,196101.24,64494.01,352407.57,INR,2026-05-12
COST0000030,WO0000030,AC00064,27562.85,52708.53,12320.17,92591.55,INR,2026-03-26
COST0000031,WO0000031,AC00017,306214.12,407869.68,163930.08,878013.88,INR,2026-04-02
COST0000032,WO0000032,AC00017,9692.5,111885.18,21157.36,142735.04,INR,2026-01-15
COST0000033,WO0000033,AC00076,545932.29,689646.29,68633.73,1304212.31,INR,2026-01-07
COST0000034,WO0000034,AC00051,54125.11,324916.33,125982.12,505023.56,INR,2026-01-15
COST0000035,WO0000035,AC00033,207677.98,187732.65,0,395410.63,INR,2026-05-06
COST0000036,WO0000036,AC00058,45853.67,213262.35,0,259116.02,INR,2026-05-05
COST0000037,WO0000037,AC00047,67727.84,269412.09,34830.6,371970.53,INR,2026-04-29
COST0000038,WO0000038,AC00071,23086.29,61128.49,20474.85,104689.63,INR,2026-02-08
COST0000039,WO0000039,AC00054,309572.18,397013.14,0,706585.32,INR,2026-05-21
COST0000040,WO0000040,AC00041,5913.11,98103.03,6522.31,110538.45,INR,2026-01-31
COST0000041,WO0000041,AC00073,54012.05,55443.04,0,109455.09,INR,2026-03-04
COST0000042,WO0000042,AC00018,8191.53,97979.67,33071.2,139242.4,INR,2026-03-12
COST0000043,WO0000043,AC00013,20975.95,63909.77,0,84885.72,INR,2026-03-10
COST0000044,WO0000044,AC00039,260751.81,450888.13,157098.69,868738.63,INR,2026-02-19
COST0000045,WO0000045,AC00015,71219.77,82872.59,0,154092.36,INR,2026-03-25
COST0000046,WO0000046,AC00053,36085.73,77429.62,0,113515.35,INR,2026-03-10
COST0000047,WO0000047,AC00052,16304.7,50687.93,0,66992.63,INR,2026-02-28
COST0000048,WO0000048,AC00002,191591.92,525243.91,0,716835.83,INR,2026-03-12
COST0000049,WO0000049,AC00042,677363.11,637652.62,0,1315015.73,INR,2026-05-15
COST0000050,WO0000050,AC00010,77929.06,187870.42,0,265799.48,INR,2026-03-23
COST0000051,WO0000051,AC00015,12230.73,130228.1,0,142458.83,INR,2026-03-01
COST0000052,WO0000052,AC00063,189231.63,100848.6,0,290080.23,INR,2026-04-27
COST0000053,WO0000053,AC00028,341404.83,269826.63,0,611231.46,INR,2026-01-01
COST0000054,WO0000054,AC00007,47091.72,71570.12,0,118661.84,INR,2026-05-11
COST0000055,WO0000055,AC00077,67382.84,50608.95,0,117991.79,INR,2026-05-25
COST0000056,WO0000056,AC00009,37196.86,60511.76,0,97708.62,INR,2026-04-30
COST0000057,WO0000057,AC00057,93273.77,96237.67,0,189511.44,INR,2026-04-03
COST0000058,WO0000058,AC00015,106461.92,137380.9,0,243842.82,INR,2026-05-16
COST0000059,WO0000059,AC00007,20232.41,78363.79,0,98596.2,INR,2026-04-07
COST0000060,WO0000060,AC00055,107446.69,140244.09,0,247690.78,INR,2026-02-07
COST0000061,WO0000061,AC00067,41025.78,286515.77,0,327541.55,INR,2026-05-21
COST0000062,WO0000062,AC00010,74136.54,224292.78,0,298429.32,INR,2026-02-07
COST0000063,WO0000063,AC00076,161131.6,477017.96,89790.18,727939.74,INR,2026-01-12
COST0000064,WO0000064,AC00025,76676.18,55027.26,55063.36,186766.8,INR,2026-04-19
COST0000065,WO0000065,AC00056,24170.8,11332.7,0,35503.5,INR,2026-01-16
COST0000066,WO0000066,AC00055,15847.24,79077.65,0,94924.89,INR,2026-02-13
COST0000067,WO0000067,AC00012,55208.89,250349.84,48147.8,353706.53,INR,2026-04-22
COST0000068,WO0000068,AC00035,228248.06,425346.11,353213.18,1006807.35,INR,2026-03-30
COST0000069,WO0000069,AC00078,338700.93,1016347.17,0,1355048.1,INR,2026-06-23
COST0000070,WO0000070,AC00054,36766.48,111574.71,13610.14,161951.33,INR,2026-03-23
COST0000071,WO0000071,AC00012,1159271.42,633903.15,0,1793174.57,INR,2026-04-23
COST0000072,WO0000072,AC00054,109146.19,112618.45,0,221764.64,INR,2026-02-12
COST0000073,WO0000073,AC00067,458222.89,625159.19,0,1083382.08,INR,2026-04-06
COST0000074,WO0000074,AC00007,41637.93,125514.75,0,167152.68,INR,2026-04-30
COST0000075,WO0000075,AC00010,104541.63,486045.82,0,590587.45,INR,2026-05-08
COST0000076,WO0000076,AC00056,29414.82,109866.66,0,139281.48,INR,2026-04-08
COST0000077,WO0000077,AC00054,101502.08,191014.22,0,292516.3,INR,2026-05-19
COST0000078,WO0000078,AC00005,102216.98,292462.82,37841.88,432521.68,INR,2026-02-07
COST0000079,WO0000079,AC00025,63924.38,150807.01,57185.42,271916.81,INR,2026-05-31
COST0000080,WO0000080,AC00035,39650.98,183926.02,0,223577.0,INR,2026-01-16
COST0000081,WO0000081,AC00073,30332.07,110240.29,10386.12,150958.48,INR,2026-01-29
COST0000082,WO0000082,AC00053,71651.13,173226.49,0,244877.62,INR,2026-02-02
COST0000083,WO0000083,AC00038,34188.51,20537.77,0,54726.28,INR,2026-05-02
COST0000084,WO0000084,AC00026,256755.96,208792.43,0,465548.39,INR,2026-02-01
COST0000085,WO0000085,AC00032,81392.9,288643.32,29226.68,399262.9,INR,2026-06-15
COST0000086,WO0000086,AC00062,43025.56,50293.23,0,93318.79,INR,2026-06-16
COST0000087,WO0000087,AC00031,4316.64,111610.91,0,115927.55,INR,2026-02-06
COST0000088,WO0000088,AC00016,60031.81,189697.56,0,249729.37,INR,2026-03-07
COST0000089,WO0000089,AC00077,32645.94,176550.72,0,209196.66,INR,2026-01-05
COST0000090,WO0000090,AC00018,25452.51,182343.06,19588.55,227384.12,INR,2026-04-14
COST0000091,WO0000091,AC00055,24218.49,293591.07,0,317809.56,INR,2026-05-12
COST0000092,WO0000092,AC00007,74895.78,64224.09,0,139119.87,INR,2026-05-05
COST0000093,WO0000093,AC00007,71634.98,28808.8,0,100443.78,INR,2026-02-12
COST0000094,WO0000094,AC00075,37955.42,39579.41,28123.64,105658.47,INR,2026-02-03
COST0000095,WO0000095,AC00051,198653.28,163965.26,119482.97,482101.51,INR,2026-04-04
COST0000096,WO0000096,AC00033,10984.32,117222.01,0,128206.33,INR,2026-05-17
COST0000097,WO0000097,AC00029,35737.5,105560.48,0,141297.98,INR,2026-04-29
COST0000098,WO0000098,AC00075,58856.45,107760.74,2747.64,169364.83,INR,2026-03-17
COST0000099,WO0000099,AC00055,218088.99,436046.18,36360.86,690496.03,INR,2026-02-17
COST0000100,WO0000100,AC00076,592368.66,666900.94,0,1259269.6,INR,2026-03-12
COST0000101,WO0000101,AC00021,526130.67,474102.55,0,1000233.22,INR,2026-06-05
COST0000102,WO0000102,AC00027,82724.76,65668.17,0,148392.93,INR,2026-03-24
COST0000103,WO0000103,AC00079,40654.81,97288.77,0,137943.58,INR,2026-01-06
COST0000104,WO0000104,AC00046,48194.4,108335.83,37877.14,194407.37,INR,2026-04-01
COST0000105,WO0000105,AC00066,102223.43,510394.73,59593.4,672211.56,INR,2026-06-26
COST0000106,WO0000106,AC00013,48639.85,19418.64,0,68058.49,INR,2026-02-10
COST0000107,WO0000107,AC00004,16792.45,295356.92,71590.04,383739.41,INR,2026-02-20
COST0000108,WO0000108,AC00057,968160.77,492125.1,258949.7,1719235.57,INR,2026-01-20
COST0000109,WO0000109,AC00002,75945.09,23948.13,0,99893.22,INR,2026-02-07
COST0000110,WO0000110,AC00001,40243.84,49672.14,8346.34,98262.32,INR,2026-03-05
COST0000111,WO0000111,AC00007,9053.67,36122.49,16185.92,61362.08,INR,2026-03-05
COST0000112,WO0000112,AC00006,459992.94,898865.96,125634.77,1484493.67,INR,2026-02-13
COST0000113,WO0000113,AC00034,63942.96,131808.59,0,195751.55,INR,2026-05-09
COST0000114,WO0000114,AC00038,6141.95,108896.98,8347.54,123386.47,INR,2026-06-01
COST0000115,WO0000115,AC00041,8832.68,91719.36,0,100552.04,INR,2026-02-20
COST0000116,WO0000116,AC00011,47486.75,67668.77,0,115155.52,INR,2026-02-25
COST0000117,WO0000117,AC00045,46436.24,154518.63,0,200954.87,INR,2026-06-02
COST0000118,WO0000118,AC00005,11356.65,102051.75,36106.06,149514.46,INR,2026-03-10
COST0000119,WO0000119,AC00030,91383.97,276512.9,0,367896.87,INR,2026-06-05
COST0000120,WO0000120,AC00075,109642.83,121668.34,0,231311.17,INR,2026-06-06
COST0000121,WO0000121,AC00059,17881.17,89662.81,28846.04,136390.02,INR,2026-04-09
COST0000122,WO0000122,AC00064,56976.43,368677.97,0,425654.4,INR,2026-05-24
COST0000123,WO0000123,AC00017,263595.94,321497.75,0,585093.69,INR,2026-03-28
COST0000124,WO0000124,AC00015,303919.38,378144.29,186069.93,868133.6,INR,2026-03-19
COST0000125,WO0000125,AC00024,23787.73,92254.85,33184.01,149226.59,INR,2026-05-09
COST0000126,WO0000126,AC00009,106309.58,30761.42,0,137071.0,INR,2026-06-17
COST0000127,WO0000127,AC00065,6176.76,11754.11,0,17930.87,INR,2026-01-28
COST0000128,WO0000128,AC00057,20923.81,61188.18,0,82111.99,INR,2026-03-04
COST0000129,WO0000129,AC00040,46468.24,15004.9,21583.7,83056.84,INR,2026-02-22
COST0000130,WO0000130,AC00038,64463.23,86488.12,0,150951.35,INR,2026-06-25
COST0000131,WO0000131,AC00041,58186.88,112133.69,0,170320.57,INR,2026-03-17
COST0000132,WO0000132,AC00068,189757.4,144427.55,0,334184.95,INR,2026-01-08
COST0000133,WO0000133,AC00037,94552.77,243488.28,0,338041.05,INR,2026-05-10
COST0000134,WO0000134,AC00028,189738.53,301161.31,0,490899.84,INR,2026-04-24
COST0000135,WO0000135,AC00078,34256.78,104576.75,0,138833.53,INR,2026-05-07
COST0000136,WO0000136,AC00076,71913.42,97383.04,0,169296.46,INR,2026-06-13
COST0000137,WO0000137,AC00029,119471.0,500265.41,69776.45,689512.86,INR,2026-04-21
COST0000138,WO0000138,AC00040,47567.14,533923.79,52138.03,633628.96,INR,2026-05-07
COST0000139,WO0000139,AC00043,64826.88,207593.97,0,272420.85,INR,2026-06-11
COST0000140,WO0000140,AC00026,39071.75,253492.49,0,292564.24,INR,2026-01-09
COST0000141,WO0000141,AC00021,21382.16,34373.94,0,55756.1,INR,2026-03-27
COST0000142,WO0000142,AC00034,37681.32,17497.21,22373.3,77551.83,INR,2026-04-25
COST0000143,WO0000143,AC00064,257300.88,208714.23,18696.76,484711.87,INR,2026-04-02
COST0000144,WO0000144,AC00056,34830.29,49716.8,0,84547.09,INR,2026-02-13
COST0000145,WO0000145,AC00078,158999.16,223945.93,0,382945.09,INR,2026-02-13
COST0000146,WO0000146,AC00032,9209.89,103870.74,0,113080.63,INR,2026-04-23
COST0000147,WO0000147,AC00013,71595.17,182649.77,0,254244.94,INR,2026-05-17
COST0000148,WO0000148,AC00073,82268.22,397383.42,0,479651.64,INR,2026-03-16
COST0000149,WO0000149,AC00001,36888.62,103167.46,0,140056.08,INR,2026-02-16
COST0000150,WO0000150,AC00014,81566.48,69426.05,0,150992.53,INR,2026-04-29
COST0000151,WO0000151,AC00034,38931.9,105734.12,34392.07,179058.09,INR,2026-04-01
COST0000152,WO0000152,AC00052,87426.9,209627.85,8336.58,305391.33,INR,2026-04-06
COST0000153,WO0000153,AC00025,16917.11,96184.05,0,113101.16,INR,2026-04-06
COST0000154,WO0000154,AC00020,50516.11,82511.76,0,133027.87,INR,2026-03-14
COST0000155,WO0000155,AC00047,316598.08,398786.45,0,715384.53,INR,2026-06-03
COST0000156,WO0000156,AC00073,58642.15,265944.83,0,324586.98,INR,2026-02-15
COST0000157,WO0000157,AC00066,96105.11,40384.67,40773.69,177263.47,INR,2026-03-26
COST0000158,WO0000158,AC00070,90704.59,241963.33,0,332667.92,INR,2026-01-19
COST0000159,WO0000159,AC00020,812324.53,278519.95,103753.92,1194598.4,INR,2026-01-23
COST0000160,WO0000160,AC00073,19739.84,114197.69,0,133937.53,INR,2026-06-10
COST0000161,WO0000161,AC00070,26488.68,56722.89,32135.61,115347.18,INR,2026-05-16
COST0000162,WO0000162,AC00004,23063.11,42472.19,0,65535.3,INR,2026-05-30
COST0000163,WO0000163,AC00046,13922.0,18530.32,28423.71,60876.03,INR,2026-05-04
COST0000164,WO0000164,AC00024,31736.38,195860.63,0,227597.01,INR,2026-01-17
COST0000165,WO0000165,AC00078,167482.14,448053.08,17419.32,632954.54,INR,2026-03-31
COST0000166,WO0000166,AC00005,10265.86,35867.41,9612.59,55745.86,INR,2026-03-06
COST0000167,WO0000167,AC00054,183798.42,471435.87,91798.27,747032.56,INR,2026-03-31
COST0000168,WO0000168,AC00005,100103.08,170829.87,30050.65,300983.6,INR,2026-05-23
COST0000169,WO0000169,AC00062,90917.5,205780.11,0,296697.61,INR,2026-04-20
COST0000170,WO0000170,AC00066,25375.72,103104.11,0,128479.83,INR,2026-05-27
COST0000171,WO0000171,AC00025,44322.0,50733.03,0,95055.03,INR,2026-04-01
COST0000172,WO0000172,AC00008,73149.76,576182.24,0,649332.0,INR,2026-05-14
COST0000173,WO0000173,AC00055,22380.01,117512.82,0,139892.83,INR,2026-04-12
COST0000174,WO0000174,AC00059,260523.49,57547.15,0,318070.64,INR,2026-02-09
COST0000175,WO0000175,AC00046,90037.14,577621.39,0,667658.53,INR,2026-02-17
COST0000176,WO0000176,AC00064,118194.71,181804.0,0,299998.71,INR,2026-02-12
COST0000177,WO0000177,AC00011,77731.97,166265.97,3636.35,247634.29,INR,2026-01-10
COST0000178,WO0000178,AC00032,165949.18,428420.09,0,594369.27,INR,2026-04-25
COST0000179,WO0000179,AC00023,190256.3,306960.87,0,497217.17,INR,2026-03-28
COST0000180,WO0000180,AC00071,66354.49,163388.28,0,229742.77,INR,2026-05-30
COST0000181,WO0000181,AC00015,913925.37,662706.49,59876.66,1636508.52,INR,2026-05-08
COST0000182,WO0000182,AC00065,49876.89,58148.34,0,108025.23,INR,2026-01-03
COST0000183,WO0000183,AC00070,6049.84,114509.31,0,120559.15,INR,2026-06-11
COST0000184,WO0000184,AC00080,276809.16,597279.84,304520.42,1178609.42,INR,2026-02-19
COST0000185,WO0000185,AC00066,62907.32,94745.77,17923.57,175576.66,INR,2026-02-22
COST0000186,WO0000186,AC00052,10221.96,54975.06,0,65197.02,INR,2026-03-23
COST0000187,WO0000187,AC00030,26319.65,121975.21,0,148294.86,INR,2026-04-18
COST0000188,WO0000188,AC00019,50568.5,19806.15,0,70374.65,INR,2026-06-04
COST0000189,WO0000189,AC00031,51244.89,72305.68,24590.94,148141.51,INR,2026-05-26
COST0000190,WO0000190,AC00025,43350.17,91724.51,29242.24,164316.92,INR,2026-02-21
COST0000191,WO0000191,AC00068,15974.84,34152.86,0,50127.7,INR,2026-04-26
COST0000192,WO0000192,AC00045,31013.27,105934.82,0,136948.09,INR,2026-01-06
COST0000193,WO0000193,AC00078,163719.35,332393.88,0,496113.23,INR,2026-06-05
COST0000194,WO0000194,AC00028,139240.53,485469.22,0,624709.75,INR,2026-06-23
COST0000195,WO0000195,AC00060,17551.17,104369.59,0,121920.76,INR,2026-01-02
COST0000196,WO0000196,AC00056,49077.96,93848.68,75076.51,218003.15,INR,2026-03-16
COST0000197,WO0000197,AC00012,64749.51,122546.45,0,187295.96,INR,2026-02-12
COST0000198,WO0000198,AC00061,23219.09,56257.02,0,79476.11,INR,2026-06-12
COST0000199,WO0000199,AC00035,42634.56,239176.68,0,281811.24,INR,2026-04-11
COST0000200,WO0000200,AC00024,243408.58,74309.65,0,317718.23,INR,2026-05-23
COST0000201,WO0000201,AC00055,19154.43,74958.37,11558.95,105671.75,INR,2026-03-29
COST0000202,WO0000202,AC00068,68738.04,29897.63,0,98635.67,INR,2026-06-19
COST0000203,WO0000203,AC00064,350817.96,186932.7,37240.24,574990.9,INR,2026-04-03
COST0000204,WO0000204,AC00009,231780.81,283147.69,291002.32,805930.82,INR,2026-05-03
COST0000205,WO0000205,AC00058,53836.36,145904.75,0,199741.11,INR,2026-03-20
COST0000206,WO0000206,AC00080,23983.32,188130.42,0,212113.74,INR,2026-01-25
COST0000207,WO0000207,AC00010,95512.32,181391.41,21692.62,298596.35,INR,2026-03-22
COST0000208,WO0000208,AC00064,19470.87,113816.69,0,133287.56,INR,2026-02-13
COST0000209,WO0000209,AC00034,58959.17,27831.88,0,86791.05,INR,2026-05-26
COST0000210,WO0000210,AC00009,267914.16,326520.79,0,594434.95,INR,2026-05-12
COST0000211,WO0000211,AC00034,236567.08,839205.51,317487.74,1393260.33,INR,2026-03-08
COST0000212,WO0000212,AC00064,52809.98,32672.71,0,85482.69,INR,2026-01-23
COST0000213,WO0000213,AC00038,23475.47,174825.23,0,198300.7,INR,2026-06-21
COST0000214,WO0000214,AC00072,46124.35,196010.58,0,242134.93,INR,2026-01-10
COST0000215,WO0000215,AC00020,40137.07,46163.27,50685.95,136986.29,INR,2026-04-30
COST0000216,WO0000216,AC00030,84418.42,439895.73,106623.19,630937.34,INR,2026-04-16
COST0000217,WO0000217,AC00069,58249.98,254042.91,54460.88,366753.77,INR,2026-04-21
COST0000218,WO0000218,AC00038,58019.89,231962.22,0,289982.11,INR,2026-03-16
COST0000219,WO0000219,AC00012,23666.33,51748.7,0,75415.03,INR,2026-06-22
COST0000220,WO0000220,AC00072,52420.69,295923.36,0,348344.05,INR,2026-02-27
COST0000221,WO0000221,AC00076,11515.29,60891.72,0,72407.01,INR,2026-04-01
COST0000222,WO0000222,AC00018,61014.64,272028.11,0,333042.75,INR,2026-03-30
COST0000223,WO0000223,AC00003,95539.75,365602.72,68168.97,529311.44,INR,2026-05-24
COST0000224,WO0000224,AC00006,193062.07,367398.21,0,560460.28,INR,2026-06-19
COST0000225,WO0000225,AC00035,110194.33,38826.15,8827.99,157848.47,INR,2026-03-12
COST0000226,WO0000226,AC00065,99048.54,96972.58,0,196021.12,INR,2026-06-28
COST0000227,WO0000227,AC00064,61569.65,132793.2,0,194362.85,INR,2026-03-09
COST0000228,WO0000228,AC00060,99292.04,214091.26,0,313383.3,INR,2026-01-24
COST0000229,WO0000229,AC00010,23617.41,82019.55,0,105636.96,INR,2026-05-19
COST0000230,WO0000230,AC00027,7131.91,35072.22,0,42204.13,INR,2026-04-04
COST0000231,WO0000231,AC00047,37248.48,64641.95,23677.42,125567.85,INR,2026-02-15
COST0000232,WO0000232,AC00018,73490.31,89664.09,3029.94,166184.34,INR,2026-05-01
COST0000233,WO0000233,AC00063,65196.71,253281.68,0,318478.39,INR,2026-02-24
COST0000234,WO0000234,AC00035,267433.37,149150.32,0,416583.69,INR,2026-02-21
COST0000235,WO0000235,AC00074,143723.35,504230.44,0,647953.79,INR,2026-06-04
COST0000236,WO0000236,AC00057,58743.37,27221.1,35221.52,121185.99,INR,2026-01-19
COST0000237,WO0000237,AC00011,397203.32,453579.33,0,850782.65,INR,2026-03-11
COST0000238,WO0000238,AC00078,38349.66,189929.46,0,228279.12,INR,2026-06-15
COST0000239,WO0000239,AC00001,109038.78,207793.21,0,316831.99,INR,2026-04-20
COST0000240,WO0000240,AC00010,11397.4,64991.23,0,76388.63,INR,2026-04-07
COST0000241,WO0000241,AC00060,65371.1,30959.77,0,96330.87,INR,2026-05-19
COST0000242,WO0000242,AC00010,15216.3,89122.75,18252.86,122591.91,INR,2026-02-04
COST0000243,WO0000243,AC00048,263936.5,209928.96,0,473865.46,INR,2026-06-13
COST0000244,WO0000244,AC00075,465171.33,695858.83,50284.35,1211314.51,INR,2026-05-06
COST0000245,WO0000245,AC00016,78732.96,298083.27,4114.18,380930.41,INR,2026-02-03
COST0000246,WO0000246,AC00044,66588.79,47256.63,5989.94,119835.36,INR,2026-04-29
COST0000247,WO0000247,AC00037,70013.19,98068.77,0,168081.96,INR,2026-05-26
COST0000248,WO0000248,AC00011,34498.0,165209.6,31525.98,231233.58,INR,2026-05-10
COST0000249,WO0000249,AC00036,497343.42,651919.78,227484.98,1376748.18,INR,2026-04-30
COST0000250,WO0000250,AC00024,12481.06,261239.34,0,273720.4,INR,2026-04-30
COST0000251,WO0000251,AC00009,8767.01,81828.47,38074.82,128670.3,INR,2026-05-21
COST0000252,WO0000252,AC00038,67494.21,299234.11,35074.81,401803.13,INR,2026-04-12
COST0000253,WO0000253,AC00002,469595.05,752177.36,0,1221772.41,INR,2026-05-30
COST0000254,WO0000254,AC00065,229685.46,364437.12,0,594122.58,INR,2026-04-19
COST0000255,WO0000255,AC00041,42333.09,161060.15,92773.95,296167.19,INR,2026-01-28
COST0000256,WO0000256,AC00048,64262.04,93886.45,20977.49,179125.98,INR,2026-03-13
COST0000257,WO0000257,AC00056,174001.24,260571.98,106821.2,541394.42,INR,2026-05-02
COST0000258,WO0000258,AC00030,49143.44,28828.91,34207.96,112180.31,INR,2026-02-11
COST0000259,WO0000259,AC00066,48106.76,34553.82,0,82660.58,INR,2026-01-27
COST0000260,WO0000260,AC00026,290047.22,365756.5,158721.52,814525.24,INR,2026-03-30
COST0000261,WO0000261,AC00007,46562.43,53994.61,0,100557.04,INR,2026-02-20
COST0000262,WO0000262,AC00058,54333.95,267703.1,0,322037.05,INR,2026-04-10
COST0000263,WO0000263,AC00073,75053.53,286962.33,0,362015.86,INR,2026-04-29
COST0000264,WO0000264,AC00040,12074.74,78208.21,0,90282.95,INR,2026-01-10
COST0000265,WO0000265,AC00041,77274.72,190173.06,0,267447.78,INR,2026-06-25
COST0000266,WO0000266,AC00062,269843.66,461228.54,0,731072.2,INR,2026-02-06
COST0000267,WO0000267,AC00078,71236.32,40168.27,0,111404.59,INR,2026-03-27
COST0000268,WO0000268,AC00080,77050.92,141895.87,0,218946.79,INR,2026-04-13
COST0000269,WO0000269,AC00020,46637.2,545964.36,0,592601.56,INR,2026-04-10
COST0000270,WO0000270,AC00074,199703.22,135349.02,0,335052.24,INR,2026-05-12
COST0000271,WO0000271,AC00034,137576.73,214827.23,48232.76,400636.72,INR,2026-05-28
COST0000272,WO0000272,AC00028,102877.06,165534.75,55866.83,324278.64,INR,2026-01-03
COST0000273,WO0000273,AC00078,45485.86,200175.13,0,245660.99,INR,2026-06-13
COST0000274,WO0000274,AC00025,285715.97,326214.12,92369.48,704299.57,INR,2026-02-04
COST0000275,WO0000275,AC00032,19755.56,55709.22,0,75464.78,INR,2026-02-22
COST0000276,WO0000276,AC00008,610366.55,259563.49,0,869930.04,INR,2026-03-15
COST0000277,WO0000277,AC00060,48051.29,105079.36,0,153130.65,INR,2026-02-10
COST0000278,WO0000278,AC00052,49538.4,97717.71,35403.52,182659.63,INR,2026-06-10
COST0000279,WO0000279,AC00049,68894.02,206658.21,88017.02,363569.25,INR,2026-05-06
COST0000280,WO0000280,AC00052,366162.45,183788.75,0,549951.2,INR,2026-06-24
COST0000281,WO0000281,AC00021,60814.3,135989.64,0,196803.94,INR,2026-01-02
COST0000282,WO0000282,AC00080,9648.82,98177.18,39620.07,147446.07,INR,2026-01-04
COST0000283,WO0000283,AC00069,14478.76,95523.01,0,110001.77,INR,2026-01-21
COST0000284,WO0000284,AC00017,8360.17,34815.3,0,43175.47,INR,2026-03-09
COST0000285,WO0000285,AC00078,69357.98,88098.66,8258.75,165715.39,INR,2026-03-25
COST0000286,WO0000286,AC00036,73959.07,150933.69,0,224892.76,INR,2026-01-18
COST0000287,WO0000287,AC00073,124500.24,544775.77,173334.15,842610.16,INR,2026-01-08
COST0000288,WO0000288,AC00023,12429.54,32859.04,4628.33,49916.91,INR,2026-03-25
COST0000289,WO0000289,AC00061,254067.55,938562.75,137517.11,1330147.41,INR,2026-03-01
COST0000290,WO0000290,AC00075,59524.04,174583.77,0,234107.81,INR,2026-06-11
COST0000291,WO0000291,AC00070,30116.9,87243.54,0,117360.44,INR,2026-03-13
COST0000292,WO0000292,AC00072,30996.36,272854.26,39639.46,343490.08,INR,2026-01-22
COST0000293,WO0000293,AC00055,63358.44,169392.23,84404.54,317155.21,INR,2026-03-27
COST0000294,WO0000294,AC00055,50277.21,49924.39,0,100201.6,INR,2026-04-17
COST0000295,WO0000295,AC00045,451823.53,946021.4,0,1397844.93,INR,2026-05-31
COST0000296,WO0000296,AC00062,657349.28,789711.87,0,1447061.15,INR,2026-06-19
COST0000297,WO0000297,AC00050,67641.95,285237.75,0,352879.7,INR,2026-01-21
COST0000298,WO0000298,AC00071,42261.31,69232.69,0,111494.0,INR,2026-03-24
COST0000299,WO0000299,AC00062,427564.59,994396.01,0,1421960.6,INR,2026-04-11
COST0000300,WO0000300,AC00002,27970.48,108379.86,0,136350.34,INR,2026-03-25
COST0000301,WO0000301,AC00056,57767.27,109587.85,0,167355.12,INR,2026-01-15
COST0000302,WO0000302,AC00007,147363.1,268728.14,0,416091.24,INR,2026-06-22
COST0000303,WO0000303,AC00072,135909.53,99635.2,0,235544.73,INR,2026-04-15
COST0000304,WO0000304,AC00075,26783.2,31253.98,5580.98,63618.16,INR,2026-02-12
COST0000305,WO0000305,AC00030,113508.12,97640.64,0,211148.76,INR,2026-04-06
COST0000306,WO0000306,AC00017,50614.61,115373.97,0,165988.58,INR,2026-06-18
COST0000307,WO0000307,AC00077,10781.19,64528.23,0,75309.42,INR,2026-01-21
COST0000308,WO0000308,AC00010,131088.15,539305.72,0,670393.87,INR,2026-01-06
COST0000309,WO0000309,AC00010,132328.77,379366.27,0,511695.04,INR,2026-01-04
COST0000310,WO0000310,AC00034,315626.79,117445.27,0,433072.06,INR,2026-06-11
COST0000311,WO0000311,AC00017,200334.35,576336.61,0,776670.96,INR,2026-03-15
COST0000312,WO0000312,AC00025,77015.89,151607.87,0,228623.76,INR,2026-01-09
COST0000313,WO0000313,AC00045,90336.99,176139.78,0,266476.77,INR,2026-05-28
COST0000314,WO0000314,AC00005,10800.18,24697.62,3091.98,38589.78,INR,2026-05-30
COST0000315,WO0000315,AC00043,41458.73,63727.42,0,105186.15,INR,2026-01-19
COST0000316,WO0000316,AC00004,82639.47,285512.86,27342.13,395494.46,INR,2026-03-17
COST0000317,WO0000317,AC00047,18898.19,67722.7,0,86620.89,INR,2026-01-22
COST0000318,WO0000318,AC00080,11564.0,86163.33,0,97727.33,INR,2026-03-20
COST0000319,WO0000319,AC00031,145637.41,226752.1,0,372389.51,INR,2026-03-30
COST0000320,WO0000320,AC00036,9295.58,115882.98,39238.23,164416.79,INR,2026-05-21
COST0000321,WO0000321,AC00031,27503.57,216668.14,0,244171.71,INR,2026-04-21
COST0000322,WO0000322,AC00013,43354.22,69616.39,0,112970.61,INR,2026-06-12
COST0000323,WO0000323,AC00079,44729.86,21194.98,0,65924.84,INR,2026-02-22
COST0000324,WO0000324,AC00041,24467.76,156752.72,0,181220.48,INR,2026-03-24
COST0000325,WO0000325,AC00070,8836.25,89269.22,0,98105.47,INR,2026-06-20
COST0000326,WO0000326,AC00067,118459.07,127890.05,89480.33,335829.45,INR,2026-06-22
COST0000327,WO0000327,AC00075,37013.61,119691.89,4549.99,161255.49,INR,2026-03-24
COST0000328,WO0000328,AC00059,50074.68,73244.94,0,123319.62,INR,2026-05-16
COST0000329,WO0000329,AC00005,340737.85,384234.6,196866.84,921839.29,INR,2026-05-18
COST0000330,WO0000330,AC00020,166399.41,287091.5,0,453490.91,INR,2026-05-02
COST0000331,WO0000331,AC00023,120742.3,563360.92,186471.75,870574.97,INR,2026-04-06
COST0000332,WO0000332,AC00079,47107.19,49378.72,0,96485.91,INR,2026-05-22
COST0000333,WO0000333,AC00076,266575.53,296061.36,0,562636.89,INR,2026-06-03
COST0000334,WO0000334,AC00028,39208.98,196312.85,46313.78,281835.61,INR,2026-01-25
COST0000335,WO0000335,AC00033,35111.39,95925.86,0,131037.25,INR,2026-02-27
COST0000336,WO0000336,AC00040,153319.79,76688.75,135857.45,365865.99,INR,2026-01-24
COST0000337,WO0000337,AC00041,42433.59,116251.39,0,158684.98,INR,2026-06-29
COST0000338,WO0000338,AC00026,14405.5,95670.9,0,110076.4,INR,2026-03-22
COST0000339,WO0000339,AC00073,17817.71,62825.41,5017.07,85660.19,INR,2026-02-13
COST0000340,WO0000340,AC00052,23617.83,158438.01,0,182055.84,INR,2026-05-17
COST0000341,WO0000341,AC00077,95209.89,344452.25,0,439662.14,INR,2026-02-06
COST0000342,WO0000342,AC00060,27610.69,52789.91,11688.08,92088.68,INR,2026-04-14
COST0000343,WO0000343,AC00067,58039.67,222090.94,22054.57,302185.18,INR,2026-06-23
COST0000344,WO0000344,AC00052,22713.75,107425.17,0,130138.92,INR,2026-06-06
COST0000345,WO0000345,AC00021,96742.33,475263.7,10227.37,582233.4,INR,2026-01-13
COST0000346,WO0000346,AC00044,18501.21,72737.33,0,91238.54,INR,2026-04-28
COST0000347,WO0000347,AC00067,14517.76,115985.54,0,130503.3,INR,2026-06-10
COST0000348,WO0000348,AC00010,19030.94,61649.98,51343.84,132024.76,INR,2026-06-21
COST0000349,WO0000349,AC00022,48211.47,106092.08,0,154303.55,INR,2026-06-24
COST0000350,WO0000350,AC00063,153990.94,82147.59,0,236138.53,INR,2026-04-12
COST0000351,WO0000351,AC00020,45143.7,51670.58,94495.46,191309.74,INR,2026-05-03
COST0000352,WO0000352,AC00005,94238.45,184404.8,19026.15,297669.4,INR,2026-03-16
COST0000353,WO0000353,AC00053,58255.67,112330.75,0,170586.42,INR,2026-04-25
COST0000354,WO0000354,AC00057,65272.39,238483.86,63126.55,366882.8,INR,2026-02-13
COST0000355,WO0000355,AC00073,61109.86,101003.67,28816.33,190929.86,INR,2026-02-24
COST0000356,WO0000356,AC00033,357341.34,56801.75,0,414143.09,INR,2026-01-16
COST0000357,WO0000357,AC00051,197063.59,230769.26,0,427832.85,INR,2026-05-29
COST0000358,WO0000358,AC00012,54078.33,65523.24,0,119601.57,INR,2026-02-21
COST0000359,WO0000359,AC00063,10321.46,11475.44,2587.17,24384.07,INR,2026-02-25
COST0000360,WO0000360,AC00006,41025.81,13297.85,15769.14,70092.8,INR,2026-04-18
COST0000361,WO0000361,AC00021,16161.58,35898.97,0,52060.55,INR,2026-03-21
COST0000362,WO0000362,AC00073,37525.63,108456.94,0,145982.57,INR,2026-02-08
COST0000363,WO0000363,AC00005,72645.3,242166.89,0,314812.19,INR,2026-01-05
COST0000364,WO0000364,AC00005,99566.13,132810.39,0,232376.52,INR,2026-05-05
COST0000365,WO0000365,AC00009,217016.6,470607.02,163952.47,851576.09,INR,2026-05-30
COST0000366,WO0000366,AC00055,37931.35,97258.03,0,135189.38,INR,2026-03-19
COST0000367,WO0000367,AC00016,33403.55,151567.23,0,184970.78,INR,2026-04-19
COST0000368,WO0000368,AC00014,120556.83,42164.59,0,162721.42,INR,2026-05-24
COST0000369,WO0000369,AC00076,26919.43,107302.27,0,134221.7,INR,2026-06-25
COST0000370,WO0000370,AC00050,255705.65,455361.46,0,711067.11,INR,2026-03-23
COST0000371,WO0000371,AC00047,106782.97,249300.67,0,356083.64,INR,2026-03-13
COST0000372,WO0000372,AC00065,7182.06,96614.87,3218.54,107015.47,INR,2026-04-23
COST0000373,WO0000373,AC00009,12419.47,165447.5,0,177866.97,INR,2026-05-29
COST0000374,WO0000374,AC00003,373991.93,394987.57,0,768979.5,INR,2026-03-18
COST0000375,WO0000375,AC00022,14512.16,18143.4,0,32655.56,INR,2026-01-28
COST0000376,WO0000376,AC00033,393577.7,217829.41,44710.9,656118.01,INR,2026-03-18
COST0000377,WO0000377,AC00029,52736.52,76760.2,23320.94,152817.66,INR,2026-05-31
COST0000378,WO0000378,AC00076,44673.02,56720.0,0,101393.02,INR,2026-04-17
COST0000379,WO0000379,AC00028,35597.73,100578.83,0,136176.56,INR,2026-06-29
COST0000380,WO0000380,AC00068,95908.21,97945.18,92749.84,286603.23,INR,2026-01-15
COST0000381,WO0000381,AC00065,84680.79,215352.21,51697.38,351730.38,INR,2026-03-28
COST0000382,WO0000382,AC00043,194121.6,448190.21,194972.61,837284.42,INR,2026-04-27
COST0000383,WO0000383,AC00018,95889.04,214758.2,87192.61,397839.85,INR,2026-04-09
COST0000384,WO0000384,AC00034,327893.24,148832.72,0,476725.96,INR,2026-02-04
COST0000385,WO0000385,AC00046,286720.54,593568.02,79713.27,960001.83,INR,2026-02-25
COST0000386,WO0000386,AC00002,34316.58,57220.38,0,91536.96,INR,2026-01-08
COST0000387,WO0000387,AC00043,55172.9,252999.93,0,308172.83,INR,2026-03-19
COST0000388,WO0000388,AC00045,63746.21,35233.3,67290.57,166270.08,INR,2026-02-07
COST0000389,WO0000389,AC00049,145181.17,387278.15,152979.52,685438.84,INR,2026-04-04
COST0000390,WO0000390,AC00040,14976.25,58354.69,0,73330.94,INR,2026-01-05
COST0000391,WO0000391,AC00075,39880.68,83338.83,16791.18,140010.69,INR,2026-05-05
COST0000392,WO0000392,AC00073,24491.62,100653.12,5280.6,130425.34,INR,2026-03-27
COST0000393,WO0000393,AC00019,40716.8,50996.77,32112.2,123825.77,INR,2026-03-30
COST0000394,WO0000394,AC00020,7796.86,50974.09,0,58770.95,INR,2026-05-23
COST0000395,WO0000395,AC00039,39122.57,171282.98,0,210405.55,INR,2026-06-21
COST0000396,WO0000396,AC00026,105268.35,280287.55,199445.33,585001.23,INR,2026-01-03
COST0000397,WO0000397,AC00071,446756.04,705519.08,120357.59,1272632.71,INR,2026-03-17
COST0000398,WO0000398,AC00080,28551.0,279763.1,87830.71,396144.81,INR,2026-04-14
COST0000399,WO0000399,AC00080,131759.26,210047.61,129536.07,471342.94,INR,2026-02-04
COST0000400,WO0000400,AC00026,24849.0,36044.05,22980.88,83873.93,INR,2026-06-29
COST0000401,WO0000401,AC00053,52245.26,24532.45,0,76777.71,INR,2026-05-28
COST0000402,WO0000402,AC00035,213700.48,66490.04,196127.04,476317.56,INR,2026-02-25
COST0000403,WO0000403,AC00028,25002.54,169909.53,0,194912.07,INR,2026-05-10
COST0000404,WO0000404,AC00050,114862.35,248145.07,0,363007.42,INR,2026-05-23
COST0000405,WO0000405,AC00069,61002.05,80919.91,0,141921.96,INR,2026-03-12
COST0000406,WO0000406,AC00066,187508.76,106196.59,0,293705.35,INR,2026-02-14
COST0000407,WO0000407,AC00015,125912.49,138168.64,0,264081.13,INR,2026-04-23
COST0000408,WO0000408,AC00043,19142.03,95565.07,0,114707.1,INR,2026-01-27
COST0000409,WO0000409,AC00020,248368.74,926683.61,0,1175052.35,INR,2026-04-23
COST0000410,WO0000410,AC00052,17313.47,31733.93,31234.74,80282.14,INR,2026-06-01
COST0000411,WO0000411,AC00061,40260.49,41789.4,0,82049.89,INR,2026-06-13
COST0000412,WO0000412,AC00005,129268.89,353673.01,0,482941.9,INR,2026-02-02
COST0000413,WO0000413,AC00055,380200.34,156247.0,0,536447.34,INR,2026-06-02
COST0000414,WO0000414,AC00048,279505.94,542786.62,0,822292.56,INR,2026-03-31
COST0000415,WO0000415,AC00044,376329.67,124440.71,0,500770.38,INR,2026-03-17
COST0000416,WO0000416,AC00015,350400.1,519088.51,0,869488.61,INR,2026-05-14
COST0000417,WO0000417,AC00040,54517.63,15960.11,0,70477.74,INR,2026-02-05
COST0000418,WO0000418,AC00037,15949.5,28603.45,30489.21,75042.16,INR,2026-03-25
COST0000419,WO0000419,AC00003,37149.26,101230.15,35503.53,173882.94,INR,2026-02-13
COST0000420,WO0000420,AC00046,118441.69,190073.99,0,308515.68,INR,2026-05-19
COST0000421,WO0000421,AC00030,10797.06,64567.61,0,75364.67,INR,2026-05-09
COST0000422,WO0000422,AC00007,897949.89,976668.14,0,1874618.03,INR,2026-01-18
COST0000423,WO0000423,AC00024,52043.67,62812.27,0,114855.94,INR,2026-03-22
COST0000424,WO0000424,AC00072,25203.1,90271.21,0,115474.31,INR,2026-03-29
COST0000425,WO0000425,AC00030,116047.03,259837.31,31021.82,406906.16,INR,2026-06-06
COST0000426,WO0000426,AC00073,75641.49,53644.33,0,129285.82,INR,2026-06-02
COST0000427,WO0000427,AC00016,229317.24,924866.85,0,1154184.09,INR,2026-01-15
COST0000428,WO0000428,AC00038,304256.96,200357.93,0,504614.89,INR,2026-01-16
COST0000429,WO0000429,AC00026,25905.42,106737.49,2732.8,135375.71,INR,2026-02-23
COST0000430,WO0000430,AC00003,598853.56,576804.63,0,1175658.19,INR,2026-03-25
COST0000431,WO0000431,AC00006,356761.24,412884.1,0,769645.34,INR,2026-01-15
COST0000432,WO0000432,AC00071,24520.82,293585.7,0,318106.52,INR,2026-01-31
COST0000433,WO0000433,AC00048,29984.14,149881.6,0,179865.74,INR,2026-06-08
COST0000434,WO0000434,AC00026,238688.37,227322.37,0,466010.74,INR,2026-06-18
COST0000435,WO0000435,AC00073,129873.13,109851.32,0,239724.45,INR,2026-06-03
COST0000436,WO0000436,AC00065,133362.48,835239.74,0,968602.22,INR,2026-03-03
COST0000437,WO0000437,AC00051,107302.55,68168.78,107865.18,283336.51,INR,2026-01-03
COST0000438,WO0000438,AC00002,137790.71,423779.35,0,561570.06,INR,2026-03-11
COST0000439,WO0000439,AC00009,223588.77,387383.7,0,610972.47,INR,2026-03-21
COST0000440,WO0000440,AC00068,55439.63,273991.92,0,329431.55,INR,2026-04-04
COST0000441,WO0000441,AC00033,25124.47,58046.56,0,83171.03,INR,2026-01-10
COST0000442,WO0000442,AC00011,22910.23,74978.78,0,97889.01,INR,2026-05-21
COST0000443,WO0000443,AC00022,17977.28,61041.72,0,79019.0,INR,2026-01-25
COST0000444,WO0000444,AC00017,390529.41,484522.5,0,875051.91,INR,2026-05-16
COST0000445,WO0000445,AC00061,35652.36,148967.82,92440.54,277060.72,INR,2026-04-20
COST0000446,WO0000446,AC00003,42595.63,44047.42,0,86643.05,INR,2026-05-29
COST0000447,WO0000447,AC00022,34359.0,15011.9,0,49370.9,INR,2026-02-22
COST0000448,WO0000448,AC00062,66678.3,38811.29,94905.57,200395.16,INR,2026-03-31
COST0000449,WO0000449,AC00049,33574.61,56571.79,0,90146.4,INR,2026-03-30
COST0000450,WO0000450,AC00077,46403.96,592112.27,0,638516.23,INR,2026-04-30
COST0000451,WO0000451,AC00066,35850.28,70946.02,0,106796.3,INR,2026-04-24
COST0000452,WO0000452,AC00009,57250.41,43928.37,0,101178.78,INR,2026-06-20
COST0000453,WO0000453,AC00001,13597.35,65262.53,29541.68,108401.56,INR,2026-01-07
COST0000454,WO0000454,AC00039,104659.88,274132.31,54171.07,432963.26,INR,2026-04-18
COST0000455,WO0000455,AC00048,10337.78,48653.47,0,58991.25,INR,2026-01-19
COST0000456,WO0000456,AC00021,118390.07,234353.57,0,352743.64,INR,2026-04-05
COST0000457,WO0000457,AC00080,102488.61,208639.39,95494.03,406622.03,INR,2026-01-15
COST0000458,WO0000458,AC00032,25692.16,83379.72,0,109071.88,INR,2026-03-25
COST0000459,WO0000459,AC00010,97190.65,120385.78,0,217576.43,INR,2026-03-25
COST0000460,WO0000460,AC00033,40427.61,80696.17,9314.7,130438.48,INR,2026-04-11
COST0000461,WO0000461,AC00057,174275.05,255876.13,0,430151.18,INR,2026-02-22
COST0000462,WO0000462,AC00003,37700.29,79601.93,0,117302.22,INR,2026-03-16
COST0000463,WO0000463,AC00033,30644.6,86703.88,0,117348.48,INR,2026-04-13
COST0000464,WO0000464,AC00004,96601.45,431541.68,132697.18,660840.31,INR,2026-01-26
COST0000465,WO0000465,AC00070,46069.08,91154.73,8358.52,145582.33,INR,2026-05-10
COST0000466,WO0000466,AC00052,26963.89,186108.73,0,213072.62,INR,2026-01-22
COST0000467,WO0000467,AC00057,219059.13,592397.68,159498.02,970954.83,INR,2026-03-04
COST0000468,WO0000468,AC00033,72875.58,111666.46,0,184542.04,INR,2026-05-09
COST0000469,WO0000469,AC00056,545725.21,658383.66,228468.41,1432577.28,INR,2026-04-29
COST0000470,WO0000470,AC00031,16037.37,11192.0,0,27229.37,INR,2026-05-30
COST0000471,WO0000471,AC00078,675523.25,961422.93,0,1636946.18,INR,2026-02-16
COST0000472,WO0000472,AC00072,49062.07,54019.86,0,103081.93,INR,2026-02-07
COST0000473,WO0000473,AC00010,90317.4,190208.3,0,280525.7,INR,2026-06-12
COST0000474,WO0000474,AC00044,55759.44,208679.25,0,264438.69,INR,2026-05-30
COST0000475,WO0000475,AC00048,58123.11,131038.65,43422.53,232584.29,INR,2026-05-22
COST0000476,WO0000476,AC00058,16245.94,23137.73,2869.67,42253.34,INR,2026-06-28
COST0000477,WO0000477,AC00052,136483.72,162361.3,0,298845.02,INR,2026-04-28
COST0000478,WO0000478,AC00054,105374.44,89258.12,0,194632.56,INR,2026-03-01
COST0000479,WO0000479,AC00062,65649.24,43070.4,0,108719.64,INR,2026-02-06
COST0000480,WO0000480,AC00067,34910.45,91020.12,23752.35,149682.92,INR,2026-03-10
COST0000481,WO0000481,AC00080,29043.53,99389.26,0,128432.79,INR,2026-05-05
COST0000482,WO0000482,AC00013,65602.07,37622.93,40233.54,143458.54,INR,2026-02-25
COST0000483,WO0000483,AC00043,239060.93,195651.97,10182.71,444895.61,INR,2026-04-24
COST0000484,WO0000484,AC00034,48811.13,57857.99,26505.01,133174.13,INR,2026-01-23
COST0000485,WO0000485,AC00004,309982.01,504677.37,0,814659.38,INR,2026-02-06
COST0000486,WO0000486,AC00032,50892.02,80810.16,7068.15,138770.33,INR,2026-03-15
COST0000487,WO0000487,AC00031,323016.32,725519.63,0,1048535.95,INR,2026-03-21
COST0000488,WO0000488,AC00005,83356.29,286397.29,48921.59,418675.17,INR,2026-03-17
COST0000489,WO0000489,AC00026,31631.85,42609.96,604.45,74846.26,INR,2026-06-15
COST0000490,WO0000490,AC00063,255829.87,318628.33,141733.22,716191.42,INR,2026-02-08
COST0000491,WO0000491,AC00025,22167.88,66394.45,0,88562.33,INR,2026-04-12
COST0000492,WO0000492,AC00036,75811.22,190371.41,0,266182.63,INR,2026-04-09
COST0000493,WO0000493,AC00059,38073.87,92548.66,75121.9,205744.43,INR,2026-03-03
COST0000494,WO0000494,AC00027,29834.87,10918.22,0,40753.09,INR,2026-01-31
COST0000495,WO0000495,AC00021,64462.17,31920.17,25568.89,121951.23,INR,2026-01-07
COST0000496,WO0000496,AC00016,17137.6,51377.29,0,68514.89,INR,2026-06-27
COST0000497,WO0000497,AC00029,62284.5,66153.58,0,128438.08,INR,2026-03-13
COST0000498,WO0000498,AC00020,224652.6,446872.32,0,671524.92,INR,2026-01-20
COST0000499,WO0000499,AC00018,18219.74,102441.69,34366.51,155027.94,INR,2026-04-26
COST0000500,WO0000500,AC00032,94568.25,283959.15,0,378527.4,INR,2026-04-05
COST0000501,WO0000501,AC00072,19536.72,15137.56,0,34674.28,INR,2026-03-29
COST0000502,WO0000502,AC00068,62819.82,137540.59,0,200360.41,INR,2026-01-21
COST0000503,WO0000503,AC00042,32555.9,26019.51,35123.04,93698.45,INR,2026-06-07
COST0000504,WO0000504,AC00010,46153.45,108615.62,30081.1,184850.17,INR,2026-04-14
COST0000505,WO0000505,AC00053,18546.19,98177.32,0,116723.51,INR,2026-06-24
COST0000506,WO0000506,AC00069,136958.78,56517.31,0,193476.09,INR,2026-01-18
COST0000507,WO0000507,AC00077,73586.6,83611.9,0,157198.5,INR,2026-04-01
COST0000508,WO0000508,AC00042,93094.76,123454.79,0,216549.55,INR,2026-01-15
COST0000509,WO0000509,AC00010,230988.31,216499.9,74897.29,522385.5,INR,2026-06-11
COST0000510,WO0000510,AC00010,18714.18,56367.23,0,75081.41,INR,2026-02-19
COST0000511,WO0000511,AC00054,21490.17,94307.07,0,115797.24,INR,2026-01-06
COST0000512,WO0000512,AC00076,47453.95,116911.5,35422.78,199788.23,INR,2026-05-08
COST0000513,WO0000513,AC00018,29567.05,10002.27,0,39569.32,INR,2026-03-03
COST0000514,WO0000514,AC00029,323363.57,305070.06,114453.62,742887.25,INR,2026-06-13
COST0000515,WO0000515,AC00043,72969.61,243845.95,65019.51,381835.07,INR,2026-03-29
COST0000516,WO0000516,AC00032,6774.78,102800.74,0,109575.52,INR,2026-02-03
COST0000517,WO0000517,AC00047,81006.51,150805.96,0,231812.47,INR,2026-03-28
COST0000518,WO0000518,AC00038,28525.72,100039.23,20638.61,149203.56,INR,2026-03-02
COST0000519,WO0000519,AC00011,250543.06,508512.96,0,759056.02,INR,2026-03-19
COST0000520,WO0000520,AC00003,21892.07,157934.37,0,179826.44,INR,2026-05-26
COST0000521,WO0000521,AC00038,10319.23,18231.67,0,28550.9,INR,2026-06-09
COST0000522,WO0000522,AC00057,105149.3,362590.76,0,467740.06,INR,2026-03-06
COST0000523,WO0000523,AC00023,168244.0,589247.54,23369.54,780861.08,INR,2026-06-19
COST0000524,WO0000524,AC00050,14610.52,43426.02,0,58036.54,INR,2026-01-24
COST0000525,WO0000525,AC00008,195419.92,170120.88,0,365540.8,INR,2026-06-10
COST0000526,WO0000526,AC00028,91848.2,170474.76,90456.35,352779.31,INR,2026-01-09
COST0000527,WO0000527,AC00064,83624.66,246488.01,42537.62,372650.29,INR,2026-02-25
COST0000528,WO0000528,AC00077,24267.47,84721.19,0,108988.66,INR,2026-02-11
COST0000529,WO0000529,AC00024,85549.64,213136.6,187136.75,485822.99,INR,2026-01-19
COST0000530,WO0000530,AC00038,28991.44,130341.97,0,159333.41,INR,2026-03-07
COST0000531,WO0000531,AC00077,66653.15,123715.35,0,190368.5,INR,2026-03-29
COST0000532,WO0000532,AC00005,67162.47,73098.88,0,140261.35,INR,2026-06-04
COST0000533,WO0000533,AC00020,126694.09,98712.79,33661.69,259068.57,INR,2026-05-19
COST0000534,WO0000534,AC00056,31305.39,28201.72,0,59507.11,INR,2026-03-31
COST0000535,WO0000535,AC00064,28767.53,263091.02,6049.92,297908.47,INR,2026-04-03
COST0000536,WO0000536,AC00072,179318.43,93171.17,0,272489.6,INR,2026-03-18
COST0000537,WO0000537,AC00018,70880.77,89641.58,21313.66,181836.01,INR,2026-01-13
COST0000538,WO0000538,AC00012,34114.87,149783.36,79342.42,263240.65,INR,2026-04-23
COST0000539,WO0000539,AC00056,123565.01,377915.94,0,501480.95,INR,2026-03-22
COST0000540,WO0000540,AC00059,155545.85,191879.6,96665.2,444090.65,INR,2026-05-14
COST0000541,WO0000541,AC00029,43454.8,280045.03,0,323499.83,INR,2026-06-15
COST0000542,WO0000542,AC00077,20260.03,106712.93,0,126972.96,INR,2026-01-07
COST0000543,WO0000543,AC00042,4007.06,91704.54,0,95711.6,INR,2026-06-04
COST0000544,WO0000544,AC00070,75149.23,209727.78,0,284877.01,INR,2026-06-04
COST0000545,WO0000545,AC00060,18808.74,136066.63,4388.86,159264.23,INR,2026-02-01
COST0000546,WO0000546,AC00078,58643.61,61191.15,0,119834.76,INR,2026-02-09
COST0000547,WO0000547,AC00043,253405.6,156583.13,59271.29,469260.02,INR,2026-05-25
COST0000548,WO0000548,AC00001,15725.59,17299.87,0,33025.46,INR,2026-05-19
COST0000549,WO0000549,AC00068,77276.1,204157.96,66513.38,347947.44,INR,2026-04-17
COST0000550,WO0000550,AC00071,97503.16,65035.46,92756.47,255295.09,INR,2026-02-15
COST0000551,WO0000551,AC00023,77220.27,124675.43,0,201895.7,INR,2026-04-16
COST0000552,WO0000552,AC00015,12843.04,18592.17,1232.17,32667.38,INR,2026-01-22
COST0000553,WO0000553,AC00073,39079.84,208956.16,0,248036.0,INR,2026-02-18
COST0000554,WO0000554,AC00072,61895.05,98759.88,39896.57,200551.5,INR,2026-03-21
COST0000555,WO0000555,AC00051,491150.02,516961.06,0,1008111.08,INR,2026-05-06
COST0000556,WO0000556,AC00041,49768.6,157269.96,0,207038.56,INR,2026-05-20
COST0000557,WO0000557,AC00010,133353.15,143020.64,0,276373.79,INR,2026-06-14
COST0000558,WO0000558,AC00064,360378.22,578281.29,3170.56,941830.07,INR,2026-04-09
COST0000559,WO0000559,AC00013,52439.23,19210.75,0,71649.98,INR,2026-03-18
COST0000560,WO0000560,AC00013,21316.26,112133.72,0,133449.98,INR,2026-05-17
COST0000561,WO0000561,AC00023,16636.72,65277.61,15349.7,97264.03,INR,2026-01-04
COST0000562,WO0000562,AC00077,15210.24,52336.37,0,67546.61,INR,2026-05-20
COST0000563,WO0000563,AC00011,61354.16,60847.71,0,122201.87,INR,2026-01-29
COST0000564,WO0000564,AC00071,247000.26,480411.33,0,727411.59,INR,2026-02-17
COST0000565,WO0000565,AC00017,46135.03,31496.42,0,77631.45,INR,2026-05-26
COST0000566,WO0000566,AC00034,16200.35,10426.7,78.83,26705.88,INR,2026-01-01
COST0000567,WO0000567,AC00018,140833.59,147325.15,0,288158.74,INR,2026-06-01
COST0000568,WO0000568,AC00068,72967.91,129045.13,44279.25,246292.29,INR,2026-04-14
COST0000569,WO0000569,AC00021,402941.16,322083.8,118189.17,843214.13,INR,2026-04-29
COST0000570,WO0000570,AC00013,37584.88,84761.85,0,122346.73,INR,2026-03-29
COST0000571,WO0000571,AC00049,36395.79,71894.48,0,108290.27,INR,2026-05-25
COST0000572,WO0000572,AC00017,72643.73,251822.89,57770.05,382236.67,INR,2026-06-20
COST0000573,WO0000573,AC00018,82614.95,132971.69,0,215586.64,INR,2026-01-06
COST0000574,WO0000574,AC00043,120169.51,85634.32,0,205803.83,INR,2026-05-16
COST0000575,WO0000575,AC00029,84806.07,294355.79,0,379161.86,INR,2026-01-01
COST0000576,WO0000576,AC00003,59659.82,56011.16,0,115670.98,INR,2026-06-26
COST0000577,WO0000577,AC00079,61201.23,22400.76,12764.41,96366.4,INR,2026-05-22
COST0000578,WO0000578,AC00062,67697.26,291387.49,0,359084.75,INR,2026-05-15
COST0000579,WO0000579,AC00045,45580.25,16728.24,0,62308.49,INR,2026-06-11
COST0000580,WO0000580,AC00078,99039.87,61229.8,0,160269.67,INR,2026-01-18
COST0000581,WO0000581,AC00078,20153.7,47628.96,32243.39,100026.05,INR,2026-05-14
COST0000582,WO0000582,AC00024,170786.61,232477.22,68358.3,471622.13,INR,2026-03-20
COST0000583,WO0000583,AC00010,19370.62,83090.3,0,102460.92,INR,2026-05-12
COST0000584,WO0000584,AC00036,58529.08,33664.11,0,92193.19,INR,2026-01-03
COST0000585,WO0000585,AC00041,127138.76,490512.86,0,617651.62,INR,2026-03-18
COST0000586,WO0000586,AC00079,59035.34,20319.93,8555.39,87910.66,INR,2026-01-06
COST0000587,WO0000587,AC00068,381958.8,152381.89,142223.8,676564.49,INR,2026-01-04
COST0000588,WO0000588,AC00056,21535.97,75723.08,14442.08,111701.13,INR,2026-02-06
COST0000589,WO0000589,AC00015,299976.95,255940.74,173023.14,728940.83,INR,2026-05-23
COST0000590,WO0000590,AC00011,132252.72,435548.27,151865.71,719666.7,INR,2026-04-24
COST0000591,WO0000591,AC00073,62825.92,233524.68,0,296350.6,INR,2026-01-16
COST0000592,WO0000592,AC00042,49766.53,155475.79,0,205242.32,INR,2026-01-30
COST0000593,WO0000593,AC00012,41753.52,179970.96,0,221724.48,INR,2026-04-06
COST0000594,WO0000594,AC00034,114224.42,209488.04,0,323712.46,INR,2026-06-20
COST0000595,WO0000595,AC00080,6444.42,49588.93,18038.68,74072.03,INR,2026-01-01
COST0000596,WO0000596,AC00014,212268.11,442509.03,0,654777.14,INR,2026-04-07
COST0000597,WO0000597,AC00038,94318.23,92974.36,0,187292.59,INR,2026-04-18
COST0000598,WO0000598,AC00033,57908.85,174800.56,0,232709.41,INR,2026-06-25
COST0000599,WO0000599,AC00034,229900.55,214278.76,0,444179.31,INR,2026-03-25
COST0000600,WO0000600,AC00064,52257.69,116827.59,0,169085.28,INR,2026-01-08
COST0000601,WO0000601,AC00031,35872.23,62814.17,0,98686.4,INR,2026-04-04
COST0000602,WO0000602,AC00080,45267.05,18017.63,17105.31,80389.99,INR,2026-05-07
COST0000603,WO0000603,AC00035,5034.36,55342.48,0,60376.84,INR,2026-05-30
COST0000604,WO0000604,AC00072,44302.26,285054.42,63928.93,393285.61,INR,2026-05-24
COST0000605,WO0000605,AC00080,75622.95,273238.9,0,348861.85,INR,2026-03-03
COST0000606,WO0000606,AC00031,411050.59,465810.38,0,876860.97,INR,2026-03-11
COST0000607,WO0000607,AC00029,817205.92,236698.13,185891.46,1239795.51,INR,2026-05-12
COST0000608,WO0000608,AC00055,16394.3,40213.19,0,56607.49,INR,2026-03-22
COST0000609,WO0000609,AC00060,114424.14,286772.13,0,401196.27,INR,2026-06-27
COST0000610,WO0000610,AC00031,25264.62,36674.74,0,61939.36,INR,2026-04-05
COST0000611,WO0000611,AC00025,25531.37,270121.6,0,295652.97,INR,2026-06-26
COST0000612,WO0000612,AC00070,5047.95,15060.44,0,20108.39,INR,2026-02-02
COST0000613,WO0000613,AC00051,21266.8,92406.84,0,113673.64,INR,2026-04-20
COST0000614,WO0000614,AC00014,49207.97,92507.07,0,141715.04,INR,2026-01-24
COST0000615,WO0000615,AC00030,62019.65,138023.01,0,200042.66,INR,2026-03-07
COST0000616,WO0000616,AC00070,91137.55,182790.77,0,273928.32,INR,2026-04-28
COST0000617,WO0000617,AC00078,247848.41,155189.26,0,403037.67,INR,2026-01-11
COST0000618,WO0000618,AC00041,145489.52,577744.23,0,723233.75,INR,2026-05-29
COST0000619,WO0000619,AC00060,26177.77,24568.75,0,50746.52,INR,2026-02-10
COST0000620,WO0000620,AC00059,16571.74,66906.05,0,83477.79,INR,2026-05-22
COST0000621,WO0000621,AC00060,24872.29,214260.91,0,239133.2,INR,2026-04-25
COST0000622,WO0000622,AC00020,287583.9,544930.85,0,832514.75,INR,2026-04-03
COST0000623,WO0000623,AC00042,303074.1,399336.46,0,702410.56,INR,2026-03-31
COST0000624,WO0000624,AC00061,52609.28,92113.0,0,144722.28,INR,2026-05-06
COST0000625,WO0000625,AC00010,37958.33,70321.12,0,108279.45,INR,2026-04-13
COST0000626,WO0000626,AC00071,109268.84,103598.02,28305.28,241172.14,INR,2026-01-03
COST0000627,WO0000627,AC00027,69025.77,168688.68,0,237714.45,INR,2026-01-05
COST0000628,WO0000628,AC00063,251726.05,558632.07,2919.99,813278.11,INR,2026-04-26
COST0000629,WO0000629,AC00067,23243.56,155008.45,0,178252.01,INR,2026-06-08
COST0000630,WO0000630,AC00015,35745.22,217999.03,0,253744.25,INR,2026-04-21
COST0000631,WO0000631,AC00019,16099.41,11414.89,29579.43,57093.73,INR,2026-05-03
COST0000632,WO0000632,AC00036,183287.56,169930.42,0,353217.98,INR,2026-04-04
COST0000633,WO0000633,AC00049,189773.46,416565.37,190942.09,797280.92,INR,2026-06-09
COST0000634,WO0000634,AC00048,235589.85,217847.59,0,453437.44,INR,2026-03-12
COST0000635,WO0000635,AC00052,10184.52,43180.41,12605.01,65969.94,INR,2026-06-14
COST0000636,WO0000636,AC00011,8770.54,106601.62,0,115372.16,INR,2026-01-07
COST0000637,WO0000637,AC00076,128858.84,114074.44,0,242933.28,INR,2026-04-09
COST0000638,WO0000638,AC00013,55848.33,186990.53,7872.04,250710.9,INR,2026-05-24
COST0000639,WO0000639,AC00012,72786.17,103924.72,65395.96,242106.85,INR,2026-01-28
COST0000640,WO0000640,AC00070,36294.31,55737.42,52460.59,144492.32,INR,2026-03-29
COST0000641,WO0000641,AC00024,22994.85,30930.72,27739.01,81664.58,INR,2026-05-11
COST0000642,WO0000642,AC00032,356680.6,262001.7,4257.29,622939.59,INR,2026-02-14
COST0000643,WO0000643,AC00020,35371.22,94276.99,0,129648.21,INR,2026-06-26
COST0000644,WO0000644,AC00023,59530.62,85605.23,0,145135.85,INR,2026-04-20
COST0000645,WO0000645,AC00056,101869.45,585444.53,0,687313.98,INR,2026-04-28
COST0000646,WO0000646,AC00036,19626.08,234911.0,76537.93,331075.01,INR,2026-02-25
COST0000647,WO0000647,AC00062,219001.15,327458.14,0,546459.29,INR,2026-01-18
COST0000648,WO0000648,AC00053,420166.3,981467.8,8930.44,1410564.54,INR,2026-01-16
COST0000649,WO0000649,AC00052,10347.57,34121.42,0,44468.99,INR,2026-06-06
COST0000650,WO0000650,AC00002,14539.77,116590.83,23410.01,154540.61,INR,2026-06-26
COST0000651,WO0000651,AC00066,53243.96,20580.19,0,73824.15,INR,2026-02-03
COST0000652,WO0000652,AC00042,52131.58,222872.97,0,275004.55,INR,2026-05-13
COST0000653,WO0000653,AC00022,57671.13,93193.5,0,150864.63,INR,2026-02-26
COST0000654,WO0000654,AC00068,29517.65,109359.26,0,138876.91,INR,2026-06-03
COST0000655,WO0000655,AC00024,36839.48,33827.44,0,70666.92,INR,2026-05-02
COST0000656,WO0000656,AC00049,73293.19,124540.93,0,197834.12,INR,2026-02-13
COST0000657,WO0000657,AC00059,108640.4,238726.97,3273.89,350641.26,INR,2026-06-12
COST0000658,WO0000658,AC00019,311950.27,735516.93,0,1047467.2,INR,2026-01-05
COST0000659,WO0000659,AC00040,22836.12,106478.99,0,129315.11,INR,2026-05-24
COST0000660,WO0000660,AC00079,45295.38,255967.19,43928.92,345191.49,INR,2026-03-31
COST0000661,WO0000661,AC00022,194059.73,155903.37,168797.95,518761.05,INR,2026-01-06
COST0000662,WO0000662,AC00074,29660.53,291853.57,82333.52,403847.62,INR,2026-06-14
COST0000663,WO0000663,AC00040,51168.33,98837.17,0,150005.5,INR,2026-04-14
COST0000664,WO0000664,AC00039,519340.21,1074942.69,95957.83,1690240.73,INR,2026-02-16
COST0000665,WO0000665,AC00014,11110.94,82112.44,0,93223.38,INR,2026-04-19
COST0000666,WO0000666,AC00026,15017.75,66555.06,0,81572.81,INR,2026-02-27
COST0000667,WO0000667,AC00045,4488.76,72479.26,0,76968.02,INR,2026-02-05
COST0000668,WO0000668,AC00070,85843.13,277521.01,30146.53,393510.67,INR,2026-05-02
COST0000669,WO0000669,AC00011,73312.84,42928.37,2808.62,119049.83,INR,2026-05-22
COST0000670,WO0000670,AC00004,30179.2,60539.3,0,90718.5,INR,2026-06-27
COST0000671,WO0000671,AC00020,124999.72,942551.12,0,1067550.84,INR,2026-05-03
COST0000672,WO0000672,AC00064,120077.44,266807.6,0,386885.04,INR,2026-02-05
COST0000673,WO0000673,AC00019,51507.68,248085.95,42256.64,341850.27,INR,2026-01-16
COST0000674,WO0000674,AC00018,70134.55,102186.75,0,172321.3,INR,2026-03-31
COST0000675,WO0000675,AC00034,50250.64,71833.38,0,122084.02,INR,2026-02-25
COST0000676,WO0000676,AC00013,82157.54,231434.26,0,313591.8,INR,2026-03-20
COST0000677,WO0000677,AC00027,25766.29,48768.38,0,74534.67,INR,2026-05-15
COST0000678,WO0000678,AC00030,189914.88,958511.42,0,1148426.3,INR,2026-01-03
COST0000679,WO0000679,AC00080,223869.43,210893.02,0,434762.45,INR,2026-01-24
COST0000680,WO0000680,AC00048,61013.96,269904.1,0,330918.06,INR,2026-05-14
COST0000681,WO0000681,AC00055,491506.8,687121.06,36595.87,1215223.73,INR,2026-04-07
COST0000682,WO0000682,AC00006,249539.36,154522.59,3784.47,407846.42,INR,2026-01-02
COST0000683,WO0000683,AC00043,594110.1,787310.9,0,1381421.0,INR,2026-05-19
COST0000684,WO0000684,AC00026,14953.29,124223.81,0,139177.1,INR,2026-02-15
COST0000685,WO0000685,AC00057,82695.84,26561.14,0,109256.98,INR,2026-05-31
COST0000686,WO0000686,AC00005,50918.92,30551.04,69617.74,151087.7,INR,2026-03-17
COST0000687,WO0000687,AC00072,281472.96,317597.19,30326.45,629396.6,INR,2026-04-01
COST0000688,WO0000688,AC00016,26368.19,14260.12,9343.32,49971.63,INR,2026-04-27
COST0000689,WO0000689,AC00011,14321.96,47325.53,0,61647.49,INR,2026-05-08
COST0000690,WO0000690,AC00040,47167.3,43072.64,19188.67,109428.61,INR,2026-01-19
COST0000691,WO0000691,AC00079,38553.75,111037.94,0,149591.69,INR,2026-01-20
COST0000692,WO0000692,AC00030,27765.27,29743.27,0,57508.54,INR,2026-01-28
COST0000693,WO0000693,AC00063,40273.41,146823.18,12654.74,199751.33,INR,2026-01-19
COST0000694,WO0000694,AC00040,40817.13,97787.97,13560.26,152165.36,INR,2026-03-23
COST0000695,WO0000695,AC00023,40649.18,281794.86,83234.16,405678.2,INR,2026-06-09
COST0000696,WO0000696,AC00076,66242.64,64057.85,0,130300.49,INR,2026-06-15
COST0000697,WO0000697,AC00065,48690.72,178505.34,26139.74,253335.8,INR,2026-02-25
COST0000698,WO0000698,AC00018,43784.86,75825.52,0,119610.38,INR,2026-05-28
COST0000699,WO0000699,AC00048,80426.5,114108.13,0,194534.63,INR,2026-06-10
COST0000700,WO0000700,AC00039,128334.83,204128.03,99621.3,432084.16,INR,2026-02-17
COST0000701,WO0000701,AC00022,64138.28,162166.89,46184.18,272489.35,INR,2026-03-28
COST0000702,WO0000702,AC00043,243243.78,330579.75,0,573823.53,INR,2026-06-19
COST0000703,WO0000703,AC00013,757654.11,649007.15,327361.78,1734023.04,INR,2026-01-15
COST0000704,WO0000704,AC00058,100603.19,305103.71,148256.53,553963.43,INR,2026-04-02
COST0000705,WO0000705,AC00023,84229.56,89636.3,0,173865.86,INR,2026-01-17
COST0000706,WO0000706,AC00058,343801.6,457171.97,95162.12,896135.69,INR,2026-05-17
COST0000707,WO0000707,AC00007,138405.75,427126.62,0,565532.37,INR,2026-02-27
COST0000708,WO0000708,AC00039,48194.03,227375.33,83212.3,358781.66,INR,2026-06-20
COST0000709,WO0000709,AC00003,7674.2,14432.13,0,22106.33,INR,2026-05-22
COST0000710,WO0000710,AC00040,24668.16,113112.33,28464.62,166245.11,INR,2026-06-12
COST0000711,WO0000711,AC00024,546629.82,527203.95,164765.29,1238599.06,INR,2026-02-05
COST0000712,WO0000712,AC00073,5608.63,14319.36,13236.05,33164.04,INR,2026-01-05
COST0000713,WO0000713,AC00080,69930.69,240103.56,0,310034.25,INR,2026-05-03
COST0000714,WO0000714,AC00075,36732.14,279465.88,0,316198.02,INR,2026-02-20
COST0000715,WO0000715,AC00015,340656.41,204867.56,0,545523.97,INR,2026-05-11
COST0000716,WO0000716,AC00073,221137.02,358883.32,0,580020.34,INR,2026-02-04
COST0000717,WO0000717,AC00037,64484.83,104296.21,0,168781.04,INR,2026-02-25
COST0000718,WO0000718,AC00019,40978.52,105053.27,0,146031.79,INR,2026-01-14
COST0000719,WO0000719,AC00057,175880.63,175370.26,0,351250.89,INR,2026-04-10
COST0000720,WO0000720,AC00036,649830.97,985251.38,0,1635082.35,INR,2026-02-16
COST0000721,WO0000721,AC00035,53068.58,16089.96,0,69158.54,INR,2026-02-08
COST0000722,WO0000722,AC00021,57066.2,58004.38,90210.18,205280.76,INR,2026-01-12
COST0000723,WO0000723,AC00052,413654.1,541416.97,0,955071.07,INR,2026-06-02
COST0000724,WO0000724,AC00078,27671.72,114988.16,0,142659.88,INR,2026-01-09
COST0000725,WO0000725,AC00034,19170.23,82663.2,0,101833.43,INR,2026-04-10
COST0000726,WO0000726,AC00079,43259.87,93543.62,0,136803.49,INR,2026-03-08
COST0000727,WO0000727,AC00020,44538.97,111652.43,0,156191.4,INR,2026-02-18
COST0000728,WO0000728,AC00013,211926.06,177327.76,0,389253.82,INR,2026-05-11
COST0000729,WO0000729,AC00068,81889.1,204668.46,10766.07,297323.63,INR,2026-04-09
COST0000730,WO0000730,AC00043,42403.35,10341.03,0,52744.38,INR,2026-05-13
COST0000731,WO0000731,AC00028,7474.08,23259.56,0,30733.64,INR,2026-02-19
COST0000732,WO0000732,AC00044,26335.13,35993.82,33062.18,95391.13,INR,2026-03-28
COST0000733,WO0000733,AC00034,430558.6,464015.21,0,894573.81,INR,2026-04-08
COST0000734,WO0000734,AC00070,445156.05,561267.89,0,1006423.94,INR,2026-05-04
COST0000735,WO0000735,AC00049,78337.48,473395.82,0,551733.3,INR,2026-06-27
COST0000736,WO0000736,AC00054,30219.38,109585.04,0,139804.42,INR,2026-02-02
COST0000737,WO0000737,AC00031,24460.26,50560.51,0,75020.77,INR,2026-01-05
COST0000738,WO0000738,AC00022,33414.42,16241.32,0,49655.74,INR,2026-05-31
COST0000739,WO0000739,AC00024,44497.26,94133.87,0,138631.13,INR,2026-02-17
COST0000740,WO0000740,AC00055,21396.58,90551.9,18084.71,130033.19,INR,2026-06-01
COST0000741,WO0000741,AC00041,49893.04,404538.93,115036.44,569468.41,INR,2026-05-01
COST0000742,WO0000742,AC00075,29824.69,115865.09,0,145689.78,INR,2026-04-17
COST0000743,WO0000743,AC00018,12410.84,53744.7,0,66155.54,INR,2026-03-15
COST0000744,WO0000744,AC00025,47553.69,88582.24,96330.05,232465.98,INR,2026-01-12
COST0000745,WO0000745,AC00057,48681.59,92837.36,7280.75,148799.7,INR,2026-04-05
COST0000746,WO0000746,AC00053,55123.35,83826.9,0,138950.25,INR,2026-01-30
COST0000747,WO0000747,AC00001,160220.92,591628.1,0,751849.02,INR,2026-05-17
COST0000748,WO0000748,AC00008,5312.2,72588.03,37471.76,115371.99,INR,2026-05-15
COST0000749,WO0000749,AC00006,18437.66,44876.97,0,63314.63,INR,2026-04-06
COST0000750,WO0000750,AC00002,39577.5,105184.39,8828.97,153590.86,INR,2026-05-29
COST0000751,WO0000751,AC00004,37354.4,272951.1,0,310305.5,INR,2026-06-16
COST0000752,WO0000752,AC00022,60345.27,104634.7,0,164979.97,INR,2026-03-21
COST0000753,WO0000753,AC00062,48215.53,260847.93,86668.22,395731.68,INR,2026-05-19
COST0000754,WO0000754,AC00049,153406.85,518081.17,0,671488.02,INR,2026-04-19
COST0000755,WO0000755,AC00020,21016.59,94662.8,0,115679.39,INR,2026-06-18
COST0000756,WO0000756,AC00076,40624.06,74495.44,0,115119.5,INR,2026-01-18
COST0000757,WO0000757,AC00065,89612.87,236450.04,73182.39,399245.3,INR,2026-01-01
COST0000758,WO0000758,AC00029,36033.08,201896.88,0,237929.96,INR,2026-06-13
COST0000759,WO0000759,AC00015,223911.95,301822.99,0,525734.94,INR,2026-06-25
COST0000760,WO0000760,AC00054,85379.84,514610.52,199619.46,799609.82,INR,2026-03-21
COST0000761,WO0000761,AC00073,13609.75,36808.17,0,50417.92,INR,2026-06-21
COST0000762,WO0000762,AC00003,400075.76,583606.54,104407.84,1088090.14,INR,2026-06-18
COST0000763,WO0000763,AC00016,58952.14,197673.7,7323.96,263949.8,INR,2026-06-15
COST0000764,WO0000764,AC00045,64046.04,49023.87,0,113069.91,INR,2026-03-25
COST0000765,WO0000765,AC00019,165552.78,52825.38,0,218378.16,INR,2026-03-01
COST0000766,WO0000766,AC00008,42096.88,19489.67,39207.66,100794.21,INR,2026-04-25
COST0000767,WO0000767,AC00008,69563.72,205170.74,97142.8,371877.26,INR,2026-05-22
COST0000768,WO0000768,AC00002,178979.87,753583.82,52678.59,985242.28,INR,2026-02-02
COST0000769,WO0000769,AC00017,50824.28,104231.11,62412.12,217467.51,INR,2026-05-29
COST0000770,WO0000770,AC00004,214303.59,316529.6,0,530833.19,INR,2026-04-25
COST0000771,WO0000771,AC00031,15979.57,27140.13,31441.37,74561.07,INR,2026-06-29
COST0000772,WO0000772,AC00076,143135.69,90493.45,0,233629.14,INR,2026-03-01
COST0000773,WO0000773,AC00050,32782.87,50014.55,0,82797.42,INR,2026-06-27
COST0000774,WO0000774,AC00006,123476.61,298760.57,0,422237.18,INR,2026-02-07
COST0000775,WO0000775,AC00073,50272.86,50900.85,24226.77,125400.48,INR,2026-05-04
COST0000776,WO0000776,AC00036,46873.95,39318.45,37683.89,123876.29,INR,2026-04-02
COST0000777,WO0000777,AC00052,47251.53,12246.93,0,59498.46,INR,2026-02-10
COST0000778,WO0000778,AC00020,217397.08,518383.14,0,735780.22,INR,2026-01-12
COST0000779,WO0000779,AC00038,84465.11,401807.14,0,486272.25,INR,2026-01-23
COST0000780,WO0000780,AC00023,54839.99,37612.68,0,92452.67,INR,2026-04-04
COST0000781,WO0000781,AC00037,247642.02,289325.63,0,536967.65,INR,2026-03-21
COST0000782,WO0000782,AC00008,83024.02,192042.38,95184.15,370250.55,INR,2026-01-05
COST0000783,WO0000783,AC00027,86889.34,238748.8,0,325638.14,INR,2026-02-16
COST0000784,WO0000784,AC00050,38780.09,33393.36,0,72173.45,INR,2026-04-25
COST0000785,WO0000785,AC00026,120542.85,275312.2,105551.64,501406.69,INR,2026-03-13
COST0000786,WO0000786,AC00074,32922.94,20141.57,0,53064.51,INR,2026-01-18
COST0000787,WO0000787,AC00020,160280.99,277090.93,0,437371.92,INR,2026-02-01
COST0000788,WO0000788,AC00063,319337.07,63122.08,0,382459.15,INR,2026-05-27
COST0000789,WO0000789,AC00023,25164.21,79933.15,23173.33,128270.69,INR,2026-03-03
COST0000790,WO0000790,AC00042,27957.18,95740.78,0,123697.96,INR,2026-05-30
COST0000791,WO0000791,AC00022,65159.06,270733.4,0,335892.46,INR,2026-06-22
COST0000792,WO0000792,AC00021,163831.06,84452.33,0,248283.39,INR,2026-06-24
COST0000793,WO0000793,AC00016,83465.13,244811.43,172549.2,500825.76,INR,2026-01-28
COST0000794,WO0000794,AC00005,6257.76,52800.18,0,59057.94,INR,2026-06-15
COST0000795,WO0000795,AC00065,343978.37,1013759.9,84309.94,1442048.21,INR,2026-02-07
COST0000796,WO0000796,AC00046,98843.1,234151.48,0,332994.58,INR,2026-04-22
COST0000797,WO0000797,AC00073,35778.79,112101.49,0,147880.28,INR,2026-02-18
COST0000798,WO0000798,AC00075,47526.06,47263.05,0,94789.11,INR,2026-03-27
COST0000799,WO0000799,AC00001,637872.92,955910.13,0,1593783.05,INR,2026-02-11
COST0000800,WO0000800,AC00053,24794.23,28824.55,29350.77,82969.55,INR,2026-06-20
COST0000801,WO0000801,AC00033,7885.58,108739.74,0,116625.32,INR,2026-05-16
COST0000802,WO0000802,AC00058,747540.36,1070338.93,0,1817879.29,INR,2026-01-26
COST0000803,WO0000803,AC00059,187890.07,193015.25,57986.98,438892.3,INR,2026-05-12
COST0000804,WO0000804,AC00021,209489.6,578273.94,42489.34,830252.88,INR,2026-03-25
COST0000805,WO0000805,AC00061,20471.57,37273.86,14146.91,71892.34,INR,2026-01-09
COST0000806,WO0000806,AC00030,60421.66,252924.67,0,313346.33,INR,2026-02-18
COST0000807,WO0000807,AC00032,12092.54,79558.43,11990.58,103641.55,INR,2026-05-06
COST0000808,WO0000808,AC00004,24183.17,41173.48,0,65356.65,INR,2026-03-16
COST0000809,WO0000809,AC00069,205796.43,572418.22,12261.84,790476.49,INR,2026-01-27
COST0000810,WO0000810,AC00031,212234.49,62611.22,0,274845.71,INR,2026-01-15
COST0000811,WO0000811,AC00048,63498.41,34515.16,22393.06,120406.63,INR,2026-02-09
COST0000812,WO0000812,AC00005,67656.69,75655.61,0,143312.3,INR,2026-04-15
COST0000813,WO0000813,AC00019,39709.25,32712.02,0,72421.27,INR,2026-03-12
COST0000814,WO0000814,AC00027,17916.87,60253.45,11352.54,89522.86,INR,2026-04-27
COST0000815,WO0000815,AC00024,67126.65,248594.35,47188.33,362909.33,INR,2026-06-04
COST0000816,WO0000816,AC00034,102298.72,248823.88,0,351122.6,INR,2026-01-20
COST0000817,WO0000817,AC00068,39729.85,209375.27,0,249105.12,INR,2026-03-31
COST0000818,WO0000818,AC00048,63960.34,282897.0,0,346857.34,INR,2026-01-30
COST0000819,WO0000819,AC00065,176969.72,236472.18,0,413441.9,INR,2026-02-28
COST0000820,WO0000820,AC00058,49971.09,262211.51,0,312182.6,INR,2026-06-12
COST0000821,WO0000821,AC00043,88050.08,43740.2,0,131790.28,INR,2026-01-27
COST0000822,WO0000822,AC00057,59182.5,93147.82,0,152330.32,INR,2026-03-01
COST0000823,WO0000823,AC00050,29055.99,195496.97,0,224552.96,INR,2026-02-06
COST0000824,WO0000824,AC00010,14727.38,162197.92,21947.77,198873.07,INR,2026-02-08
COST0000825,WO0000825,AC00005,57298.06,66786.08,0,124084.14,INR,2026-03-20
COST0000826,WO0000826,AC00021,155152.13,66859.84,57566.46,279578.43,INR,2026-02-26
COST0000827,WO0000827,AC00062,422852.25,458276.59,0,881128.84,INR,2026-05-31
COST0000828,WO0000828,AC00069,63940.06,71877.92,24911.15,160729.13,INR,2026-04-14
COST0000829,WO0000829,AC00061,107730.25,269506.64,0,377236.89,INR,2026-06-13
COST0000830,WO0000830,AC00028,142329.03,104355.78,47566.83,294251.64,INR,2026-02-12
COST0000831,WO0000831,AC00053,36023.77,85495.89,0,121519.66,INR,2026-06-26
COST0000832,WO0000832,AC00045,24761.41,39349.8,0,64111.21,INR,2026-03-31
COST0000833,WO0000833,AC00014,27173.06,193762.31,0,220935.37,INR,2026-01-20
COST0000834,WO0000834,AC00017,101726.89,178387.21,0,280114.1,INR,2026-04-08
COST0000835,WO0000835,AC00037,7155.33,51104.19,0,58259.52,INR,2026-02-22
COST0000836,WO0000836,AC00012,96363.17,220944.44,66457.67,383765.28,INR,2026-02-19
COST0000837,WO0000837,AC00038,158882.89,480862.05,0,639744.94,INR,2026-01-24
COST0000838,WO0000838,AC00009,9452.8,20678.1,0,30130.9,INR,2026-06-24
COST0000839,WO0000839,AC00028,114809.02,221017.67,0,335826.69,INR,2026-06-06
COST0000840,WO0000840,AC00037,128105.7,387382.11,0,515487.81,INR,2026-05-23
COST0000841,WO0000841,AC00079,39514.35,15596.59,0,55110.94,INR,2026-03-02
COST0000842,WO0000842,AC00046,3887.39,108335.87,27148.25,139371.51,INR,2026-06-27
COST0000843,WO0000843,AC00004,31379.37,48729.2,0,80108.57,INR,2026-03-22
COST0000844,WO0000844,AC00072,40747.98,38551.02,0,79299.0,INR,2026-04-27
COST0000845,WO0000845,AC00057,28566.41,49761.02,0,78327.43,INR,2026-02-23
COST0000846,WO0000846,AC00057,134207.87,472478.72,84687.36,691373.95,INR,2026-05-29
COST0000847,WO0000847,AC00045,10114.5,57350.27,0,67464.77,INR,2026-05-20
COST0000848,WO0000848,AC00046,150400.96,554070.18,32773.22,737244.36,INR,2026-02-28
COST0000849,WO0000849,AC00076,20029.52,76452.13,0,96481.65,INR,2026-04-02
COST0000850,WO0000850,AC00047,38165.31,114933.43,0,153098.74,INR,2026-06-23
COST0000851,WO0000851,AC00034,91174.78,226991.57,61560.89,379727.24,INR,2026-05-23
COST0000852,WO0000852,AC00017,115130.96,192304.76,0,307435.72,INR,2026-02-04
COST0000853,WO0000853,AC00047,114153.57,201535.2,0,315688.77,INR,2026-01-28
COST0000854,WO0000854,AC00023,11643.68,66854.74,0,78498.42,INR,2026-02-15
COST0000855,WO0000855,AC00068,31030.01,40489.24,16398.74,87917.99,INR,2026-05-27
COST0000856,WO0000856,AC00012,368918.64,337520.1,0,706438.74,INR,2026-06-05
COST0000857,WO0000857,AC00036,95375.88,283464.65,98899.68,477740.21,INR,2026-06-21
COST0000858,WO0000858,AC00031,76984.36,127349.74,0,204334.1,INR,2026-02-06
COST0000859,WO0000859,AC00044,66448.17,204136.63,0,270584.8,INR,2026-02-23
COST0000860,WO0000860,AC00027,20137.34,160061.23,0,180198.57,INR,2026-06-27
COST0000861,WO0000861,AC00031,23325.22,246102.93,0,269428.15,INR,2026-03-20
COST0000862,WO0000862,AC00009,51978.82,106997.28,16441.58,175417.68,INR,2026-03-23
COST0000863,WO0000863,AC00033,308695.54,304966.93,0,613662.47,INR,2026-06-01
COST0000864,WO0000864,AC00079,22596.33,103019.06,0,125615.39,INR,2026-01-25
COST0000865,WO0000865,AC00022,22861.32,73662.91,0,96524.23,INR,2026-02-10
COST0000866,WO0000866,AC00009,36929.73,261562.13,0,298491.86,INR,2026-01-02
COST0000867,WO0000867,AC00020,30452.26,297778.24,68925.59,397156.09,INR,2026-01-10
COST0000868,WO0000868,AC00052,562559.26,887398.5,0,1449957.76,INR,2026-05-14
COST0000869,WO0000869,AC00015,6591.98,57607.38,0,64199.36,INR,2026-02-11
COST0000870,WO0000870,AC00027,43388.79,141750.91,0,185139.7,INR,2026-03-08
COST0000871,WO0000871,AC00022,890024.92,524311.58,0,1414336.5,INR,2026-01-29
COST0000872,WO0000872,AC00059,30270.34,15715.08,0,45985.42,INR,2026-01-08
COST0000873,WO0000873,AC00062,151430.52,143729.36,131077.84,426237.72,INR,2026-05-31
COST0000874,WO0000874,AC00072,186070.29,216169.7,188865.24,591105.23,INR,2026-04-22
COST0000875,WO0000875,AC00005,124034.23,103214.2,0,227248.43,INR,2026-05-17
COST0000876,WO0000876,AC00046,146066.74,698455.27,0,844522.01,INR,2026-03-29
COST0000877,WO0000877,AC00052,354574.96,642680.93,187872.76,1185128.65,INR,2026-05-20
COST0000878,WO0000878,AC00028,38337.59,246400.14,39832.58,324570.31,INR,2026-05-26
COST0000879,WO0000879,AC00071,46247.28,393787.81,119225.18,559260.27,INR,2026-02-01
COST0000880,WO0000880,AC00014,140212.33,111117.0,0,251329.33,INR,2026-01-07
COST0000881,WO0000881,AC00013,756097.77,666459.8,117918.81,1540476.38,INR,2026-06-15
COST0000882,WO0000882,AC00012,43039.75,62287.67,53498.78,158826.2,INR,2026-01-06
COST0000883,WO0000883,AC00043,232032.05,447777.26,0,679809.31,INR,2026-03-16
COST0000884,WO0000884,AC00066,24437.02,22869.05,6050.54,53356.61,INR,2026-06-28
COST0000885,WO0000885,AC00043,78470.16,188800.43,0,267270.59,INR,2026-01-18
COST0000886,WO0000886,AC00036,71383.95,197759.96,0,269143.91,INR,2026-02-17
COST0000887,WO0000887,AC00066,151675.76,110344.25,141635.87,403655.88,INR,2026-06-04
COST0000888,WO0000888,AC00004,18967.89,102306.29,7540.3,128814.48,INR,2026-02-14
COST0000889,WO0000889,AC00054,45404.9,55294.01,18259.94,118958.85,INR,2026-04-03
COST0000890,WO0000890,AC00050,56819.47,33020.58,0,89840.05,INR,2026-01-16
COST0000891,WO0000891,AC00039,202850.33,279573.03,0,482423.36,INR,2026-02-12
COST0000892,WO0000892,AC00009,238003.43,135153.91,0,373157.34,INR,2026-05-03
COST0000893,WO0000893,AC00063,23785.47,62273.98,67915.99,153975.44,INR,2026-04-16
COST0000894,WO0000894,AC00055,44991.16,66813.09,0,111804.25,INR,2026-06-04
COST0000895,WO0000895,AC00046,104207.11,149105.57,0,253312.68,INR,2026-06-09
COST0000896,WO0000896,AC00055,36920.99,27322.5,0,64243.49,INR,2026-06-15
COST0000897,WO0000897,AC00038,95293.79,277074.05,0,372367.84,INR,2026-01-07
COST0000898,WO0000898,AC00075,43909.8,119475.36,0,163385.16,INR,2026-06-16
COST0000899,WO0000899,AC00078,181687.68,375696.5,156331.88,713716.06,INR,2026-03-12
COST0000900,WO0000900,AC00012,89074.22,243109.76,0,332183.98,INR,2026-04-17
COST0000901,WO0000901,AC00046,161319.26,78233.46,0,239552.72,INR,2026-04-08
COST0000902,WO0000902,AC00022,27310.21,73544.79,0,100855.0,INR,2026-05-25
COST0000903,WO0000903,AC00055,86442.41,212301.15,0,298743.56,INR,2026-04-12
COST0000904,WO0000904,AC00048,43277.96,101536.79,20886.48,165701.23,INR,2026-01-02
COST0000905,WO0000905,AC00055,946772.89,546350.57,0,1493123.46,INR,2026-03-16
COST0000906,WO0000906,AC00011,25852.31,70468.22,0,96320.53,INR,2026-06-24
COST0000907,WO0000907,AC00064,86541.19,130576.63,0,217117.82,INR,2026-05-11
COST0000908,WO0000908,AC00079,47023.97,94812.84,0,141836.81,INR,2026-06-29
COST0000909,WO0000909,AC00030,777651.58,1049267.73,0,1826919.31,INR,2026-02-20
COST0000910,WO0000910,AC00077,40339.24,196903.75,0,237242.99,INR,2026-06-16
COST0000911,WO0000911,AC00040,578739.05,471313.12,0,1050052.17,INR,2026-02-25
COST0000912,WO0000912,AC00027,23150.97,42867.93,39728.82,105747.72,INR,2026-04-07
COST0000913,WO0000913,AC00030,41905.08,43171.36,0,85076.44,INR,2026-03-28
COST0000914,WO0000914,AC00080,46734.65,82678.0,0,129412.65,INR,2026-04-14
COST0000915,WO0000915,AC00003,112908.61,418711.2,130446.08,662065.89,INR,2026-03-16
COST0000916,WO0000916,AC00020,102613.12,83119.97,26988.08,212721.17,INR,2026-03-04
COST0000917,WO0000917,AC00041,111070.55,50338.58,68995.01,230404.14,INR,2026-06-25
COST0000918,WO0000918,AC00014,46125.5,80168.36,0,126293.86,INR,2026-04-21
COST0000919,WO0000919,AC00029,25096.5,10523.68,2664.21,38284.39,INR,2026-04-14
COST0000920,WO0000920,AC00054,260133.62,382945.02,0,643078.64,INR,2026-04-27
COST0000921,WO0000921,AC00015,49197.28,96462.98,0,145660.26,INR,2026-02-22
COST0000922,WO0000922,AC00015,16778.79,37707.55,0,54486.34,INR,2026-03-21
COST0000923,WO0000923,AC00023,86303.14,109688.54,0,195991.68,INR,2026-02-01
COST0000924,WO0000924,AC00024,14779.26,103653.89,0,118433.15,INR,2026-05-29
COST0000925,WO0000925,AC00014,65476.93,23377.94,0,88854.87,INR,2026-06-06
COST0000926,WO0000926,AC00045,495055.32,710259.34,0,1205314.66,INR,2026-01-31
COST0000927,WO0000927,AC00001,71836.73,296091.62,7507.01,375435.36,INR,2026-04-10
COST0000928,WO0000928,AC00067,76591.52,131224.26,0,207815.78,INR,2026-04-22
COST0000929,WO0000929,AC00020,85468.83,229653.38,0,315122.21,INR,2026-06-29
COST0000930,WO0000930,AC00061,37797.66,148448.35,0,186246.01,INR,2026-06-11
COST0000931,WO0000931,AC00040,114737.73,53983.35,6411.16,175132.24,INR,2026-01-26
COST0000932,WO0000932,AC00023,283829.19,314703.87,113477.95,712011.01,INR,2026-03-07
COST0000933,WO0000933,AC00027,22737.34,91313.89,0,114051.23,INR,2026-06-19
COST0000934,WO0000934,AC00020,163277.83,193180.94,160769.05,517227.82,INR,2026-06-12
COST0000935,WO0000935,AC00057,8059.94,71877.8,0,79937.74,INR,2026-04-14
COST0000936,WO0000936,AC00019,197492.42,135056.46,64547.07,397095.95,INR,2026-06-22
COST0000937,WO0000937,AC00059,139543.62,375401.47,0,514945.09,INR,2026-06-03
COST0000938,WO0000938,AC00037,775732.26,302161.74,0,1077894.0,INR,2026-06-10
COST0000939,WO0000939,AC00036,16489.44,104495.42,26878.76,147863.62,INR,2026-01-08
COST0000940,WO0000940,AC00023,44175.79,64342.17,0,108517.96,INR,2026-04-14
COST0000941,WO0000941,AC00030,338365.58,497596.43,52749.06,888711.07,INR,2026-02-06
COST0000942,WO0000942,AC00017,849995.75,1010743.7,134158.56,1994898.01,INR,2026-01-10
COST0000943,WO0000943,AC00073,151272.0,253352.46,92451.64,497076.1,INR,2026-02-25
COST0000944,WO0000944,AC00055,36563.53,228767.55,0,265331.08,INR,2026-05-08
COST0000945,WO0000945,AC00027,12396.93,27115.67,0,39512.6,INR,2026-02-04
COST0000946,WO0000946,AC00011,32677.06,70590.32,0,103267.38,INR,2026-02-19
COST0000947,WO0000947,AC00035,308763.62,547537.74,0,856301.36,INR,2026-01-19
COST0000948,WO0000948,AC00052,115988.81,239919.76,0,355908.57,INR,2026-03-27
COST0000949,WO0000949,AC00074,174741.89,591981.01,0,766722.9,INR,2026-01-23
COST0000950,WO0000950,AC00022,42133.85,272388.3,0,314522.15,INR,2026-01-30
COST0000951,WO0000951,AC00064,27935.13,87279.91,0,115215.04,INR,2026-06-03
COST0000952,WO0000952,AC00053,59768.56,24129.17,2708.45,86606.18,INR,2026-05-08
COST0000953,WO0000953,AC00053,27190.39,78497.61,0,105688.0,INR,2026-06-18
COST0000954,WO0000954,AC00038,10886.1,73976.45,2563.14,87425.69,INR,2026-03-13
COST0000955,WO0000955,AC00033,21480.85,116792.42,0,138273.27,INR,2026-02-09
COST0000956,WO0000956,AC00045,57428.06,104460.38,95642.28,257530.72,INR,2026-01-09
COST0000957,WO0000957,AC00073,119154.86,156607.88,0,275762.74,INR,2026-01-19
COST0000958,WO0000958,AC00046,116014.28,186087.26,84333.62,386435.16,INR,2026-02-20
COST0000959,WO0000959,AC00065,27602.7,291980.4,0,319583.1,INR,2026-02-13
COST0000960,WO0000960,AC00045,171123.14,312005.24,0,483128.38,INR,2026-04-25
COST0000961,WO0000961,AC00069,64781.38,86324.55,0,151105.93,INR,2026-04-03
COST0000962,WO0000962,AC00001,12065.12,51858.8,0,63923.92,INR,2026-03-12
COST0000963,WO0000963,AC00035,701000.58,661757.09,0,1362757.67,INR,2026-06-01
COST0000964,WO0000964,AC00049,86715.41,41411.86,96207.39,224334.66,INR,2026-06-04
COST0000965,WO0000965,AC00031,453043.36,564861.24,58973.22,1076877.82,INR,2026-05-31
COST0000966,WO0000966,AC00060,221275.06,568231.75,93187.19,882694.0,INR,2026-04-03
COST0000967,WO0000967,AC00052,218949.99,404429.27,190086.83,813466.09,INR,2026-02-10
COST0000968,WO0000968,AC00078,63481.54,148804.36,0,212285.9,INR,2026-01-08
COST0000969,WO0000969,AC00041,37870.42,76405.45,0,114275.87,INR,2026-02-03
COST0000970,WO0000970,AC00064,79218.87,144338.65,0,223557.52,INR,2026-02-23
COST0000971,WO0000971,AC00007,11641.24,73638.89,0,85280.13,INR,2026-06-17
COST0000972,WO0000972,AC00055,23145.63,72981.44,0,96127.07,INR,2026-03-02
COST0000973,WO0000973,AC00042,81510.09,274377.1,88507.43,444394.62,INR,2026-04-11
COST0000974,WO0000974,AC00064,425026.06,260252.53,86984.37,772262.96,INR,2026-04-06
COST0000975,WO0000975,AC00052,120350.74,59855.64,67434.7,247641.08,INR,2026-01-13
COST0000976,WO0000976,AC00010,31488.49,228175.81,7987.68,267651.98,INR,2026-06-18
COST0000977,WO0000977,AC00001,248964.21,953201.34,65647.19,1267812.74,INR,2026-03-30
COST0000978,WO0000978,AC00028,32873.08,147671.66,0,180544.74,INR,2026-04-23
COST0000979,WO0000979,AC00049,124325.38,332934.55,0,457259.93,INR,2026-04-06
COST0000980,WO0000980,AC00028,1100216.76,724380.41,0,1824597.17,INR,2026-06-23
COST0000981,WO0000981,AC00032,91971.79,131957.61,66228.04,290157.44,INR,2026-03-12
COST0000982,WO0000982,AC00048,13295.55,17403.79,19736.82,50436.16,INR,2026-04-23
COST0000983,WO0000983,AC00044,14705.26,113175.8,0,127881.06,INR,2026-02-13
COST0000984,WO0000984,AC00022,32523.46,91452.24,0,123975.7,INR,2026-05-25
COST0000985,WO0000985,AC00028,18601.9,11603.84,9176.09,39381.83,INR,2026-02-17
COST0000986,WO0000986,AC00071,7671.72,42454.0,0,50125.72,INR,2026-05-05
COST0000987,WO0000987,AC00069,56935.71,34951.79,0,91887.5,INR,2026-06-07
COST0000988,WO0000988,AC00068,87378.64,242995.31,0,330373.95,INR,2026-02-08
COST0000989,WO0000989,AC00061,52552.59,285093.88,56792.92,394439.39,INR,2026-02-11
COST0000990,WO0000990,AC00017,27803.68,199538.4,0,227342.08,INR,2026-01-18
COST0000991,WO0000991,AC00001,163538.15,198055.0,92753.27,454346.42,INR,2026-03-13
COST0000992,WO0000992,AC00020,42887.61,144380.61,0,187268.22,INR,2026-01-30
COST0000993,WO0000993,AC00055,30117.19,39741.04,0,69858.23,INR,2026-03-07
COST0000994,WO0000994,AC00038,11482.03,30630.63,38875.73,80988.39,INR,2026-04-15
COST0000995,WO0000995,AC00035,18209.63,248963.99,0,267173.62,INR,2026-04-11
COST0000996,WO0000996,AC00069,69421.41,293684.48,0,363105.89,INR,2026-06-25
COST0000997,WO0000997,AC00006,63450.97,81821.28,0,145272.25,INR,2026-06-07
COST0000998,WO0000998,AC00052,106046.42,235322.85,0,341369.27,INR,2026-04-16
COST0000999,WO0000999,AC00072,71236.23,123799.64,0,195035.87,INR,2026-06-05
COST0001000,WO0001000,AC00019,382762.29,268611.0,0,651373.29,INR,2026-01-04
COST0001001,WO0001001,AC00016,37987.44,37418.84,0,75406.28,INR,2026-03-14
COST0001002,WO0001002,AC00031,320882.38,263626.36,0,584508.74,INR,2026-01-14
COST0001003,WO0001003,AC00050,63109.44,299720.81,0,362830.25,INR,2026-03-18
COST0001004,WO0001004,AC00068,397888.45,520767.35,0,918655.8,INR,2026-04-26
COST0001005,WO0001005,AC00065,42878.61,142554.35,39821.68,225254.64,INR,2026-05-22
COST0001006,WO0001006,AC00042,8265.08,57574.87,0,65839.95,INR,2026-03-13
COST0001007,WO0001007,AC00055,9979.32,70058.6,24648.15,104686.07,INR,2026-02-11
COST0001008,WO0001008,AC00032,27283.27,48767.52,0,76050.79,INR,2026-06-22
COST0001009,WO0001009,AC00001,14659.59,65978.97,0,80638.56,INR,2026-01-15
COST0001010,WO0001010,AC00061,40711.58,109545.53,0,150257.11,INR,2026-02-16
COST0001011,WO0001011,AC00080,4694.89,11375.22,0,16070.11,INR,2026-06-18
COST0001012,WO0001012,AC00062,10746.66,155716.37,78445.24,244908.27,INR,2026-01-29
COST0001013,WO0001013,AC00030,63175.19,61805.55,0,124980.74,INR,2026-05-10
COST0001014,WO0001014,AC00054,80058.85,275158.48,0,355217.33,INR,2026-06-13
COST0001015,WO0001015,AC00009,26006.82,55797.36,0,81804.18,INR,2026-01-25
COST0001016,WO0001016,AC00006,34727.17,69664.91,0,104392.08,INR,2026-05-30
COST0001017,WO0001017,AC00043,249526.11,117859.75,0,367385.86,INR,2026-06-01
COST0001018,WO0001018,AC00002,22434.91,46985.17,0,69420.08,INR,2026-01-29
COST0001019,WO0001019,AC00071,58131.08,220031.55,46665.75,324828.38,INR,2026-01-12
COST0001020,WO0001020,AC00051,18276.69,54851.92,0,73128.61,INR,2026-02-19
COST0001021,WO0001021,AC00041,321324.01,395281.41,70632.4,787237.82,INR,2026-04-19
COST0001022,WO0001022,AC00075,54581.2,564141.29,100042.57,718765.06,INR,2026-02-05
COST0001023,WO0001023,AC00042,40800.42,143025.75,15029.75,198855.92,INR,2026-06-19
COST0001024,WO0001024,AC00058,20641.3,117081.83,0,137723.13,INR,2026-04-02
COST0001025,WO0001025,AC00064,39924.28,33531.82,0,73456.1,INR,2026-03-09
COST0001026,WO0001026,AC00030,107616.24,301370.4,0,408986.64,INR,2026-03-20
COST0001027,WO0001027,AC00036,55316.75,161349.67,0,216666.42,INR,2026-05-31
COST0001028,WO0001028,AC00040,17847.62,35977.25,0,53824.87,INR,2026-01-22
COST0001029,WO0001029,AC00031,303306.22,224957.13,0,528263.35,INR,2026-03-23
COST0001030,WO0001030,AC00049,15224.22,47622.3,0,62846.52,INR,2026-05-09
COST0001031,WO0001031,AC00034,537641.81,474905.36,258897.34,1271444.51,INR,2026-04-04
COST0001032,WO0001032,AC00012,25165.58,10536.72,16459.64,52161.94,INR,2026-04-08
COST0001033,WO0001033,AC00003,27959.17,54080.85,0,82040.02,INR,2026-03-04
COST0001034,WO0001034,AC00015,109401.73,170999.0,0,280400.73,INR,2026-04-29
COST0001035,WO0001035,AC00072,159735.86,104561.67,178642.32,442939.85,INR,2026-02-08
COST0001036,WO0001036,AC00067,132300.02,169007.25,53026.97,354334.24,INR,2026-05-06
COST0001037,WO0001037,AC00009,140783.46,513972.0,0,654755.46,INR,2026-06-23
COST0001038,WO0001038,AC00039,36162.11,86936.04,0,123098.15,INR,2026-02-09
COST0001039,WO0001039,AC00034,42170.44,68794.81,0,110965.25,INR,2026-04-17
COST0001040,WO0001040,AC00026,48610.28,49394.75,0,98005.03,INR,2026-05-30
COST0001041,WO0001041,AC00047,37308.39,20461.93,0,57770.32,INR,2026-05-23
COST0001042,WO0001042,AC00030,40312.76,106043.29,0,146356.05,INR,2026-01-13
COST0001043,WO0001043,AC00078,34070.24,185053.92,0,219124.16,INR,2026-04-12
COST0001044,WO0001044,AC00005,78261.92,119276.31,3177.86,200716.09,INR,2026-06-19
COST0001045,WO0001045,AC00071,48404.35,184706.35,0,233110.7,INR,2026-02-27
COST0001046,WO0001046,AC00049,267136.96,208195.87,0,475332.83,INR,2026-05-30
COST0001047,WO0001047,AC00037,425298.13,65006.24,0,490304.37,INR,2026-03-13
COST0001048,WO0001048,AC00026,37165.45,14184.76,0,51350.21,INR,2026-05-25
COST0001049,WO0001049,AC00038,37211.59,37432.48,0,74644.07,INR,2026-05-18
COST0001050,WO0001050,AC00039,32286.18,21768.65,0,54054.83,INR,2026-01-15
COST0001051,WO0001051,AC00055,48231.09,320669.16,0,368900.25,INR,2026-04-20
COST0001052,WO0001052,AC00031,67977.18,98094.43,0,166071.61,INR,2026-05-08
COST0001053,WO0001053,AC00069,72836.02,193653.39,9843.91,276333.32,INR,2026-02-13
COST0001054,WO0001054,AC00049,92115.97,230076.6,0,322192.57,INR,2026-05-08
COST0001055,WO0001055,AC00047,513712.78,732974.79,0,1246687.57,INR,2026-01-18
COST0001056,WO0001056,AC00060,64844.96,84091.29,0,148936.25,INR,2026-06-28
COST0001057,WO0001057,AC00078,17545.23,104942.14,0,122487.37,INR,2026-02-19
COST0001058,WO0001058,AC00030,35049.25,91878.94,93376.79,220304.98,INR,2026-01-13
COST0001059,WO0001059,AC00023,87785.46,290545.47,0,378330.93,INR,2026-02-15
COST0001060,WO0001060,AC00022,25583.31,248790.85,0,274374.16,INR,2026-05-26
COST0001061,WO0001061,AC00068,75979.52,113550.49,0,189530.01,INR,2026-04-17
COST0001062,WO0001062,AC00028,95836.12,282295.88,0,378132.0,INR,2026-04-21
COST0001063,WO0001063,AC00001,515080.49,129080.95,0,644161.44,INR,2026-05-17
COST0001064,WO0001064,AC00050,278538.34,518307.16,0,796845.5,INR,2026-02-15
COST0001065,WO0001065,AC00014,62592.61,40948.06,0,103540.67,INR,2026-03-11
COST0001066,WO0001066,AC00075,73168.96,256343.1,0,329512.06,INR,2026-05-01
COST0001067,WO0001067,AC00036,67898.37,204223.93,0,272122.3,INR,2026-04-11
COST0001068,WO0001068,AC00040,5742.61,90342.71,0,96085.32,INR,2026-03-09
COST0001069,WO0001069,AC00056,11133.62,15561.0,0,26694.62,INR,2026-06-01
COST0001070,WO0001070,AC00065,67403.73,120567.21,0,187970.94,INR,2026-04-09
COST0001071,WO0001071,AC00079,134353.22,226142.43,0,360495.65,INR,2026-06-27
COST0001072,WO0001072,AC00061,38616.19,14318.9,29433.33,82368.42,INR,2026-06-14
COST0001073,WO0001073,AC00059,64013.41,12578.86,0,76592.27,INR,2026-01-27
COST0001074,WO0001074,AC00048,259489.13,289570.06,104983.89,654043.08,INR,2026-03-15
COST0001075,WO0001075,AC00009,17341.53,13626.55,2122.99,33091.07,INR,2026-02-28
COST0001076,WO0001076,AC00041,47561.05,62766.55,32216.41,142544.01,INR,2026-04-26
COST0001077,WO0001077,AC00057,67501.06,80422.55,0,147923.61,INR,2026-05-13
COST0001078,WO0001078,AC00048,20567.06,279349.61,0,299916.67,INR,2026-06-28
COST0001079,WO0001079,AC00036,177042.98,437663.42,94843.12,709549.52,INR,2026-03-07
COST0001080,WO0001080,AC00014,283754.42,235433.1,321188.26,840375.78,INR,2026-04-02
COST0001081,WO0001081,AC00036,115511.47,391569.91,71010.35,578091.73,INR,2026-06-04
COST0001082,WO0001082,AC00066,50477.84,83698.96,0,134176.8,INR,2026-02-26
COST0001083,WO0001083,AC00062,136599.03,267472.9,0,404071.93,INR,2026-04-08
COST0001084,WO0001084,AC00001,99976.4,141519.55,0,241495.95,INR,2026-02-19
COST0001085,WO0001085,AC00052,53974.63,26236.72,0,80211.35,INR,2026-04-24
COST0001086,WO0001086,AC00002,236328.98,324395.36,0,560724.34,INR,2026-03-06
COST0001087,WO0001087,AC00028,454457.44,114934.36,0,569391.8,INR,2026-01-24
COST0001088,WO0001088,AC00055,27967.46,216579.06,73755.61,318302.13,INR,2026-03-13
COST0001089,WO0001089,AC00079,137208.97,261651.99,3373.43,402234.39,INR,2026-01-02
COST0001090,WO0001090,AC00037,7544.93,41810.27,19576.36,68931.56,INR,2026-05-26
COST0001091,WO0001091,AC00062,101282.4,194618.79,97418.97,393320.16,INR,2026-01-24
COST0001092,WO0001092,AC00013,29453.54,51853.14,2975.15,84281.83,INR,2026-04-10
COST0001093,WO0001093,AC00016,15443.89,72329.9,0,87773.79,INR,2026-05-12
COST0001094,WO0001094,AC00042,45703.66,106306.56,26927.95,178938.17,INR,2026-04-13
COST0001095,WO0001095,AC00072,169501.72,519075.45,196451.13,885028.3,INR,2026-06-16
COST0001096,WO0001096,AC00017,86279.15,461219.77,0,547498.92,INR,2026-03-05
COST0001097,WO0001097,AC00051,66310.89,165234.22,51264.44,282809.55,INR,2026-04-04
COST0001098,WO0001098,AC00042,65791.81,65632.65,14592.85,146017.31,INR,2026-06-17
COST0001099,WO0001099,AC00064,32783.8,25799.59,19050.87,77634.26,INR,2026-06-25
COST0001100,WO0001100,AC00020,73226.48,245425.39,0,318651.87,INR,2026-01-06
COST0001101,WO0001101,AC00024,46602.82,204748.91,0,251351.73,INR,2026-06-24
COST0001102,WO0001102,AC00001,458738.27,507619.35,0,966357.62,INR,2026-04-30
COST0001103,WO0001103,AC00066,8139.44,66375.24,0,74514.68,INR,2026-04-23
COST0001104,WO0001104,AC00061,58308.98,90429.18,0,148738.16,INR,2026-03-08
COST0001105,WO0001105,AC00040,94200.95,207439.37,0,301640.32,INR,2026-05-06
COST0001106,WO0001106,AC00033,77046.92,142838.12,0,219885.04,INR,2026-01-04
COST0001107,WO0001107,AC00057,42134.02,115447.86,0,157581.88,INR,2026-06-09
COST0001108,WO0001108,AC00015,174626.13,395494.42,41594.04,611714.59,INR,2026-03-12
COST0001109,WO0001109,AC00019,75809.48,42316.51,0,118125.99,INR,2026-01-20
COST0001110,WO0001110,AC00061,73508.58,549115.41,196817.79,819441.78,INR,2026-04-01
COST0001111,WO0001111,AC00072,136757.16,278220.33,18690.02,433667.51,INR,2026-06-09
COST0001112,WO0001112,AC00075,39567.24,12806.68,0,52373.92,INR,2026-05-23
COST0001113,WO0001113,AC00066,43677.06,35707.92,12918.32,92303.3,INR,2026-03-15
COST0001114,WO0001114,AC00004,50628.61,34241.98,0,84870.59,INR,2026-03-23
COST0001115,WO0001115,AC00053,6549.51,118377.13,17576.2,142502.84,INR,2026-01-12
COST0001116,WO0001116,AC00057,254631.75,442311.79,0,696943.54,INR,2026-02-01
COST0001117,WO0001117,AC00004,33069.13,38382.65,0,71451.78,INR,2026-04-20
COST0001118,WO0001118,AC00071,103656.83,166789.37,0,270446.2,INR,2026-03-04
COST0001119,WO0001119,AC00056,7795.72,50884.19,0,58679.91,INR,2026-04-16
COST0001120,WO0001120,AC00062,13288.84,44605.45,0,57894.29,INR,2026-03-19
COST0001121,WO0001121,AC00008,36128.04,236092.38,12148.25,284368.67,INR,2026-03-08
COST0001122,WO0001122,AC00020,41105.89,97332.07,24683.31,163121.27,INR,2026-03-14
COST0001123,WO0001123,AC00013,30461.69,32950.42,0,63412.11,INR,2026-02-26
COST0001124,WO0001124,AC00005,134349.25,162108.49,0,296457.74,INR,2026-06-09
COST0001125,WO0001125,AC00020,53058.78,99481.31,0,152540.09,INR,2026-02-08
COST0001126,WO0001126,AC00070,80178.13,110212.06,0,190390.19,INR,2026-06-11
COST0001127,WO0001127,AC00074,33941.82,41358.27,0,75300.09,INR,2026-01-02
COST0001128,WO0001128,AC00019,184495.17,84216.3,0,268711.47,INR,2026-03-25
COST0001129,WO0001129,AC00039,14549.92,254058.02,0,268607.94,INR,2026-01-07
COST0001130,WO0001130,AC00016,32904.71,57288.76,24248.84,114442.31,INR,2026-06-06
COST0001131,WO0001131,AC00024,396671.74,973262.97,0,1369934.71,INR,2026-04-15
COST0001132,WO0001132,AC00015,6580.97,86317.8,0,92898.77,INR,2026-04-07
COST0001133,WO0001133,AC00013,435285.11,288351.25,0,723636.36,INR,2026-06-15
COST0001134,WO0001134,AC00040,17542.2,47663.97,0,65206.17,INR,2026-03-09
COST0001135,WO0001135,AC00066,401000.09,332113.89,0,733113.98,INR,2026-04-10
COST0001136,WO0001136,AC00022,33227.94,87475.28,0,120703.22,INR,2026-04-12
COST0001137,WO0001137,AC00060,33421.81,88329.98,0,121751.79,INR,2026-04-10
COST0001138,WO0001138,AC00034,11630.09,84404.62,0,96034.71,INR,2026-04-23
COST0001139,WO0001139,AC00064,248756.31,317903.6,0,566659.91,INR,2026-05-13
COST0001140,WO0001140,AC00048,16044.97,111905.27,0,127950.24,INR,2026-01-08
COST0001141,WO0001141,AC00051,45453.7,87343.91,0,132797.61,INR,2026-02-25
COST0001142,WO0001142,AC00067,418231.77,369511.63,0,787743.4,INR,2026-04-14
COST0001143,WO0001143,AC00064,102839.69,205847.89,0,308687.58,INR,2026-03-14
COST0001144,WO0001144,AC00024,42026.1,101354.62,0,143380.72,INR,2026-04-29
COST0001145,WO0001145,AC00076,163579.97,53616.65,0,217196.62,INR,2026-05-07
COST0001146,WO0001146,AC00068,47191.44,79765.27,17262.75,144219.46,INR,2026-06-16
COST0001147,WO0001147,AC00064,135331.54,212512.9,0,347844.44,INR,2026-01-28
COST0001148,WO0001148,AC00009,70307.34,67796.79,0,138104.13,INR,2026-05-02
COST0001149,WO0001149,AC00007,272263.18,244274.36,0,516537.54,INR,2026-01-21
COST0001150,WO0001150,AC00040,11755.59,31461.42,14884.4,58101.41,INR,2026-02-06
COST0001151,WO0001151,AC00030,74698.37,29924.18,0,104622.55,INR,2026-02-10
COST0001152,WO0001152,AC00014,9839.84,74506.66,0,84346.5,INR,2026-05-12
COST0001153,WO0001153,AC00002,78704.32,109145.05,0,187849.37,INR,2026-02-23
COST0001154,WO0001154,AC00029,34637.31,99494.28,0,134131.59,INR,2026-05-24
COST0001155,WO0001155,AC00080,41035.5,45501.7,0,86537.2,INR,2026-02-09
COST0001156,WO0001156,AC00007,30668.93,62383.82,0,93052.75,INR,2026-03-13
COST0001157,WO0001157,AC00016,37530.59,47231.59,19024.48,103786.66,INR,2026-04-17
COST0001158,WO0001158,AC00069,914643.37,824265.43,280474.02,2019382.82,INR,2026-06-21
COST0001159,WO0001159,AC00075,47865.14,67298.85,1127.42,116291.41,INR,2026-03-18
COST0001160,WO0001160,AC00010,63836.11,54967.06,0,118803.17,INR,2026-05-08
COST0001161,WO0001161,AC00071,150691.95,245032.18,0,395724.13,INR,2026-02-04
COST0001162,WO0001162,AC00077,385346.05,418963.15,0,804309.2,INR,2026-04-11
COST0001163,WO0001163,AC00040,109856.8,128495.37,34767.05,273119.22,INR,2026-01-25
COST0001164,WO0001164,AC00054,7573.05,35842.74,0,43415.79,INR,2026-01-17
COST0001165,WO0001165,AC00079,119260.46,213439.63,0,332700.09,INR,2026-03-11
COST0001166,WO0001166,AC00056,193875.98,123319.97,0,317195.95,INR,2026-02-28
COST0001167,WO0001167,AC00038,29937.49,19496.59,0,49434.08,INR,2026-02-26
COST0001168,WO0001168,AC00001,452508.52,958725.04,358326.39,1769559.95,INR,2026-01-26
COST0001169,WO0001169,AC00015,81379.88,303065.82,0,384445.7,INR,2026-06-13
COST0001170,WO0001170,AC00036,69202.0,34804.23,6668.86,110675.09,INR,2026-02-20
COST0001171,WO0001171,AC00047,26908.1,33103.07,1893.27,61904.44,INR,2026-06-25
COST0001172,WO0001172,AC00044,72420.39,28079.31,22842.93,123342.63,INR,2026-02-05
COST0001173,WO0001173,AC00076,44295.89,55222.73,17225.15,116743.77,INR,2026-05-07
COST0001174,WO0001174,AC00006,37406.85,208966.54,0,246373.39,INR,2026-06-03
COST0001175,WO0001175,AC00054,321786.79,365631.8,0,687418.59,INR,2026-05-09
COST0001176,WO0001176,AC00026,39629.41,47641.79,0,87271.2,INR,2026-05-23
COST0001177,WO0001177,AC00007,230531.84,354947.97,0,585479.81,INR,2026-04-13
COST0001178,WO0001178,AC00039,53761.53,196797.06,0,250558.59,INR,2026-03-27
COST0001179,WO0001179,AC00031,42492.71,101570.01,0,144062.72,INR,2026-04-12
COST0001180,WO0001180,AC00015,4667.04,21743.44,0,26410.48,INR,2026-01-20
COST0001181,WO0001181,AC00044,25435.35,69346.08,0,94781.43,INR,2026-04-24
COST0001182,WO0001182,AC00025,107048.94,457097.47,0,564146.41,INR,2026-01-13
COST0001183,WO0001183,AC00024,33666.0,82445.97,0,116111.97,INR,2026-03-04
COST0001184,WO0001184,AC00010,148693.02,319781.77,0,468474.79,INR,2026-04-25
COST0001185,WO0001185,AC00030,38748.56,71772.03,0,110520.59,INR,2026-06-01
COST0001186,WO0001186,AC00056,78679.86,113027.66,0,191707.52,INR,2026-01-25
COST0001187,WO0001187,AC00033,396297.3,582664.22,0,978961.52,INR,2026-04-21
COST0001188,WO0001188,AC00047,54389.05,112431.5,15172.61,181993.16,INR,2026-02-28
COST0001189,WO0001189,AC00046,180865.24,73968.3,0,254833.54,INR,2026-05-12
COST0001190,WO0001190,AC00043,12926.18,64585.5,0,77511.68,INR,2026-04-09
COST0001191,WO0001191,AC00037,72962.59,264036.95,8097.94,345097.48,INR,2026-06-29
COST0001192,WO0001192,AC00039,797323.47,1047238.86,0,1844562.33,INR,2026-06-12
COST0001193,WO0001193,AC00016,14412.98,43449.09,19949.99,77812.06,INR,2026-06-04
COST0001194,WO0001194,AC00026,105845.82,296697.84,0,402543.66,INR,2026-05-04
COST0001195,WO0001195,AC00049,69090.05,223640.75,0,292730.8,INR,2026-01-12
COST0001196,WO0001196,AC00012,171341.66,561226.89,0,732568.55,INR,2026-03-25
COST0001197,WO0001197,AC00054,366361.54,483788.38,187685.06,1037834.98,INR,2026-06-22
COST0001198,WO0001198,AC00003,20072.07,104822.36,0,124894.43,INR,2026-04-21
COST0001199,WO0001199,AC00067,23227.51,30092.31,0,53319.82,INR,2026-04-20
COST0001200,WO0001200,AC00074,52518.11,31742.39,38056.17,122316.67,INR,2026-03-20
